Copyright 1986-2022 Xilinx, Inc. All Rights Reserved. Copyright 2022-2026 Advanced Micro Devices, Inc. All Rights Reserved.
------------------------------------------------------------------------------------------------------------------------------------------------------------------------------------------------------------------------------------------------------------
| Tool Version : Vivado v.2026.1 (win64) Build 6511674 Tue Jun 16 11:02:23 MDT 2026
| Date         : Sun Oct  4 14:01:58 2026
| Host         : DESKTOP-AF2892F running 64-bit major release  (build 9200)
| Command      : report_timing_summary -max_paths 10 -routable_nets -report_unconstrained -file design_1_wrapper_timing_summary_routed.rpt -pb design_1_wrapper_timing_summary_routed.pb -rpx design_1_wrapper_timing_summary_routed.rpx -warn_on_violation
| Design       : design_1_wrapper
| Device       : 7z020-clg400
| Speed File   : -1  PRODUCTION 1.12 2019-11-22
| Design State : Routed
------------------------------------------------------------------------------------------------------------------------------------------------------------------------------------------------------------------------------------------------------------

Timing Summary Report

------------------------------------------------------------------------------------------------
| Timer Settings
| --------------
------------------------------------------------------------------------------------------------

  Enable Multi Corner Analysis               :  Yes
  Enable Pessimism Removal                   :  Yes
  Pessimism Removal Resolution               :  Nearest Common Node
  Enable Input Delay Default Clock           :  No
  Enable Preset / Clear Arcs                 :  No
  Disable Flight Delays                      :  No
  Ignore I/O Paths                           :  No
  Timing Early Launch at Borrowing Latches   :  No
  Borrow Time for Max Delay Exceptions       :  Yes
  Merge Timing Exceptions                    :  Yes
  Inter-SLR Compensation                     :  Conservative

  Corner  Analyze    Analyze    
  Name    Max Paths  Min Paths  
  ------  ---------  ---------  
  Slow    Yes        Yes        
  Fast    Yes        Yes        


------------------------------------------------------------------------------------------------
| Report Methodology
| ------------------
------------------------------------------------------------------------------------------------

Rule       Severity  Description                    Violations  
---------  --------  -----------------------------  ----------  
TIMING-18  Warning   Missing input or output delay  9           

Note: This report is based on the most recent report_methodology run and may not be up-to-date. Run report_methodology on the current design for the latest report.



check_timing report

Table of Contents
-----------------
1. checking no_clock (0)
2. checking constant_clock (0)
3. checking pulse_width_clock (0)
4. checking unconstrained_internal_endpoints (0)
5. checking no_input_delay (5)
6. checking no_output_delay (4)
7. checking multiple_clock (0)
8. checking generated_clocks (0)
9. checking loops (0)
10. checking partial_input_delay (0)
11. checking partial_output_delay (0)
12. checking latch_loops (0)

1. checking no_clock (0)
------------------------
 There are 0 register/latch pins with no clock.


2. checking constant_clock (0)
------------------------------
 There are 0 register/latch pins with constant_clock.


3. checking pulse_width_clock (0)
---------------------------------
 There are 0 register/latch pins which need pulse_width check


4. checking unconstrained_internal_endpoints (0)
------------------------------------------------
 There are 0 pins that are not constrained for maximum delay.

 There are 0 pins that are not constrained for maximum delay due to constant clock.


5. checking no_input_delay (5)
------------------------------
 There are 5 input ports with no input delay specified. (HIGH)

 There are 0 input ports with no input delay but user has a false path constraint.


6. checking no_output_delay (4)
-------------------------------
 There are 4 ports with no output delay specified. (HIGH)

 There are 0 ports with no output delay but user has a false path constraint

 There are 0 ports with no output delay but with a timing clock defined on it or propagating through it


7. checking multiple_clock (0)
------------------------------
 There are 0 register/latch pins with multiple clocks.


8. checking generated_clocks (0)
--------------------------------
 There are 0 generated clocks that are not connected to a clock source.


9. checking loops (0)
---------------------
 There are 0 combinational loops in the design.


10. checking partial_input_delay (0)
------------------------------------
 There are 0 input ports with partial input delay specified.


11. checking partial_output_delay (0)
-------------------------------------
 There are 0 ports with partial output delay specified.


12. checking latch_loops (0)
----------------------------
 There are 0 combinational latch loops in the design through latch input



------------------------------------------------------------------------------------------------
| Design Timing Summary
| ---------------------
------------------------------------------------------------------------------------------------

    WNS(ns)      TNS(ns)  TNS Failing Endpoints  TNS Total Endpoints      WHS(ns)      THS(ns)  THS Failing Endpoints  THS Total Endpoints     WPWS(ns)     TPWS(ns)  TPWS Failing Endpoints  TPWS Total Endpoints  
    -------      -------  ---------------------  -------------------      -------      -------  ---------------------  -------------------     --------     --------  ----------------------  --------------------  
     12.486        0.000                      0                 1987        0.043        0.000                      0                 1987        9.020        0.000                       0                   805  


All user specified timing constraints are met.


------------------------------------------------------------------------------------------------
| Clock Summary
| -------------
------------------------------------------------------------------------------------------------

Clock       Waveform(ns)       Period(ns)      Frequency(MHz)
-----       ------------       ----------      --------------
clk_fpga_0  {0.000 10.000}     20.000          50.000          


------------------------------------------------------------------------------------------------
| Intra Clock Table
| -----------------
------------------------------------------------------------------------------------------------

Clock             WNS(ns)      TNS(ns)  TNS Failing Endpoints  TNS Total Endpoints      WHS(ns)      THS(ns)  THS Failing Endpoints  THS Total Endpoints     WPWS(ns)     TPWS(ns)  TPWS Failing Endpoints  TPWS Total Endpoints  
-----             -------      -------  ---------------------  -------------------      -------      -------  ---------------------  -------------------     --------     --------  ----------------------  --------------------  
clk_fpga_0         12.486        0.000                      0                 1987        0.043        0.000                      0                 1987        9.020        0.000                       0                   805  


------------------------------------------------------------------------------------------------
| Inter Clock Table
| -----------------
------------------------------------------------------------------------------------------------

From Clock    To Clock          WNS(ns)      TNS(ns)  TNS Failing Endpoints  TNS Total Endpoints      WHS(ns)      THS(ns)  THS Failing Endpoints  THS Total Endpoints  
----------    --------          -------      -------  ---------------------  -------------------      -------      -------  ---------------------  -------------------  


------------------------------------------------------------------------------------------------
| Other Path Groups Table
| -----------------------
------------------------------------------------------------------------------------------------

Path Group    From Clock    To Clock          WNS(ns)      TNS(ns)  TNS Failing Endpoints  TNS Total Endpoints      WHS(ns)      THS(ns)  THS Failing Endpoints  THS Total Endpoints  
----------    ----------    --------          -------      -------  ---------------------  -------------------      -------      -------  ---------------------  -------------------  


------------------------------------------------------------------------------------------------
| User Ignored Path Table
| -----------------------
------------------------------------------------------------------------------------------------

Path Group    From Clock    To Clock    
----------    ----------    --------    
(none)                      clk_fpga_0    
(none)        clk_fpga_0    clk_fpga_0    


------------------------------------------------------------------------------------------------
| Unconstrained Path Table
| ------------------------
------------------------------------------------------------------------------------------------

Path Group    From Clock    To Clock    
----------    ----------    --------    
(none)        clk_fpga_0                  


------------------------------------------------------------------------------------------------
| Timing Details
| --------------
------------------------------------------------------------------------------------------------


---------------------------------------------------------------------------------------------------
From Clock:  clk_fpga_0
  To Clock:  clk_fpga_0

Setup :            0  Failing Endpoints,  Worst Slack       12.486ns,  Total Violation        0.000ns
Hold  :            0  Failing Endpoints,  Worst Slack        0.043ns,  Total Violation        0.000ns
PW    :            0  Failing Endpoints,  Worst Slack        9.020ns,  Total Violation        0.000ns
---------------------------------------------------------------------------------------------------


Max Delay Paths
--------------------------------------------------------------------------------------
Slack (MET) :             12.486ns  (required time - arrival time)
  Source:                 design_1_i/axi_smc/inst/sc_ul/inst/cdc_aresetn/syncstages_ff_reg[1]/C
                            (rising edge-triggered cell FDRE clocked by clk_fpga_0  {rise@0.000ns fall@10.000ns period=20.000ns})
  Destination:            design_1_i/axi_smc/inst/sc_ul/inst/gen_axi_full_nxm.sasd_inst/gen_read.r_cnt_reg[0]/R
                            (rising edge-triggered cell FDRE clocked by clk_fpga_0  {rise@0.000ns fall@10.000ns period=20.000ns})
  Path Group:             clk_fpga_0
  Path Type:              Setup (Max at Slow Process Corner)
  Requirement:            20.000ns  (clk_fpga_0 rise@20.000ns - clk_fpga_0 rise@0.000ns)
  Data Path Delay:        6.224ns  (logic 0.799ns (12.837%)  route 5.425ns (87.163%))
  Logic Levels:           1  (LUT1=1)
  Clock Path Skew:        -0.354ns (DCD - SCD + CPR)
    Destination Clock Delay (DCD):    2.655ns = ( 22.655 - 20.000 ) 
    Source Clock Delay      (SCD):    3.138ns
    Clock Pessimism Removal (CPR):    0.129ns
  Clock Uncertainty:      0.302ns  ((TSJ^2 + TIJ^2)^1/2 + DJ) / 2 + PE
    Total System Jitter     (TSJ):    0.071ns
    Total Input Jitter      (TIJ):    0.600ns
    Discrete Jitter          (DJ):    0.000ns
    Phase Error              (PE):    0.000ns

    Location             Delay type                Incr(ns)  Path(ns)    Netlist Resource(s)
  -------------------------------------------------------------------    -------------------
                         (clock clk_fpga_0 rise edge)
                                                      0.000     0.000 r  <hidden>
    PS7_X0Y0             PS7                          0.000     0.000 r  design_1_i/processing_system7_0/inst/PS7_i/FCLKCLK[0]
                         net (fo=1, routed)           1.193     1.193    design_1_i/processing_system7_0/inst/FCLK_CLK_unbuffered[0]
    BUFGCTRL_X0Y16       BUFG (Prop_bufg_I_O)         0.101     1.294 r  design_1_i/processing_system7_0/inst/buffer_fclk_clk_0.FCLK_CLK_0_BUFG/O
                         net (fo=805, routed)         1.844     3.138    design_1_i/axi_smc/inst/sc_ul/inst/cdc_aresetn/dest_clk
    SLICE_X36Y105        FDRE                                         r  design_1_i/axi_smc/inst/sc_ul/inst/cdc_aresetn/syncstages_ff_reg[1]/C
  -------------------------------------------------------------------    -------------------
    SLICE_X36Y105        FDRE (Prop_fdre_C_Q)         0.478     3.616 f  design_1_i/axi_smc/inst/sc_ul/inst/cdc_aresetn/syncstages_ff_reg[1]/Q
                         net (fo=8, routed)           0.787     4.403    design_1_i/axi_smc/inst/sc_ul/inst/gen_axi_full_nxm.sasd_inst/dest_rst
    SLICE_X32Y105        LUT1 (Prop_lut1_I0_O)        0.321     4.724 r  design_1_i/axi_smc/inst/sc_ul/inst/gen_axi_full_nxm.sasd_inst/gen_read.s_axi_arready_vec_i[0]_i_1/O
                         net (fo=158, routed)         4.638     9.362    design_1_i/axi_smc/inst/sc_ul/inst/gen_axi_full_nxm.sasd_inst/gen_read.s_axi_arready_vec_i[0]_i_1_n_0
    SLICE_X43Y88         FDRE                                         r  design_1_i/axi_smc/inst/sc_ul/inst/gen_axi_full_nxm.sasd_inst/gen_read.r_cnt_reg[0]/R
  -------------------------------------------------------------------    -------------------

                         (clock clk_fpga_0 rise edge)
                                                     20.000    20.000 r  <hidden>
    PS7_X0Y0             PS7                          0.000    20.000 r  design_1_i/processing_system7_0/inst/PS7_i/FCLKCLK[0]
                         net (fo=1, routed)           1.088    21.088    design_1_i/processing_system7_0/inst/FCLK_CLK_unbuffered[0]
    BUFGCTRL_X0Y16       BUFG (Prop_bufg_I_O)         0.091    21.179 r  design_1_i/processing_system7_0/inst/buffer_fclk_clk_0.FCLK_CLK_0_BUFG/O
                         net (fo=805, routed)         1.476    22.655    design_1_i/axi_smc/inst/sc_ul/inst/gen_axi_full_nxm.sasd_inst/aclk
    SLICE_X43Y88         FDRE                                         r  design_1_i/axi_smc/inst/sc_ul/inst/gen_axi_full_nxm.sasd_inst/gen_read.r_cnt_reg[0]/C
                         clock pessimism              0.129    22.784    <hidden>
                         clock uncertainty           -0.302    22.482    <hidden>
    SLICE_X43Y88         FDRE (Setup_fdre_C_R)       -0.633    21.849    design_1_i/axi_smc/inst/sc_ul/inst/gen_axi_full_nxm.sasd_inst/gen_read.r_cnt_reg[0]
  -------------------------------------------------------------------
                         required time                         21.849    <hidden>
                         arrival time                          -9.362    <hidden>
  -------------------------------------------------------------------
                         slack                                 12.486    <hidden>

Slack (MET) :             12.486ns  (required time - arrival time)
  Source:                 design_1_i/axi_smc/inst/sc_ul/inst/cdc_aresetn/syncstages_ff_reg[1]/C
                            (rising edge-triggered cell FDRE clocked by clk_fpga_0  {rise@0.000ns fall@10.000ns period=20.000ns})
  Destination:            design_1_i/axi_smc/inst/sc_ul/inst/gen_axi_full_nxm.sasd_inst/gen_read.r_cnt_reg[1]/R
                            (rising edge-triggered cell FDRE clocked by clk_fpga_0  {rise@0.000ns fall@10.000ns period=20.000ns})
  Path Group:             clk_fpga_0
  Path Type:              Setup (Max at Slow Process Corner)
  Requirement:            20.000ns  (clk_fpga_0 rise@20.000ns - clk_fpga_0 rise@0.000ns)
  Data Path Delay:        6.224ns  (logic 0.799ns (12.837%)  route 5.425ns (87.163%))
  Logic Levels:           1  (LUT1=1)
  Clock Path Skew:        -0.354ns (DCD - SCD + CPR)
    Destination Clock Delay (DCD):    2.655ns = ( 22.655 - 20.000 ) 
    Source Clock Delay      (SCD):    3.138ns
    Clock Pessimism Removal (CPR):    0.129ns
  Clock Uncertainty:      0.302ns  ((TSJ^2 + TIJ^2)^1/2 + DJ) / 2 + PE
    Total System Jitter     (TSJ):    0.071ns
    Total Input Jitter      (TIJ):    0.600ns
    Discrete Jitter          (DJ):    0.000ns
    Phase Error              (PE):    0.000ns

    Location             Delay type                Incr(ns)  Path(ns)    Netlist Resource(s)
  -------------------------------------------------------------------    -------------------
                         (clock clk_fpga_0 rise edge)
                                                      0.000     0.000 r  <hidden>
    PS7_X0Y0             PS7                          0.000     0.000 r  design_1_i/processing_system7_0/inst/PS7_i/FCLKCLK[0]
                         net (fo=1, routed)           1.193     1.193    design_1_i/processing_system7_0/inst/FCLK_CLK_unbuffered[0]
    BUFGCTRL_X0Y16       BUFG (Prop_bufg_I_O)         0.101     1.294 r  design_1_i/processing_system7_0/inst/buffer_fclk_clk_0.FCLK_CLK_0_BUFG/O
                         net (fo=805, routed)         1.844     3.138    design_1_i/axi_smc/inst/sc_ul/inst/cdc_aresetn/dest_clk
    SLICE_X36Y105        FDRE                                         r  design_1_i/axi_smc/inst/sc_ul/inst/cdc_aresetn/syncstages_ff_reg[1]/C
  -------------------------------------------------------------------    -------------------
    SLICE_X36Y105        FDRE (Prop_fdre_C_Q)         0.478     3.616 f  design_1_i/axi_smc/inst/sc_ul/inst/cdc_aresetn/syncstages_ff_reg[1]/Q
                         net (fo=8, routed)           0.787     4.403    design_1_i/axi_smc/inst/sc_ul/inst/gen_axi_full_nxm.sasd_inst/dest_rst
    SLICE_X32Y105        LUT1 (Prop_lut1_I0_O)        0.321     4.724 r  design_1_i/axi_smc/inst/sc_ul/inst/gen_axi_full_nxm.sasd_inst/gen_read.s_axi_arready_vec_i[0]_i_1/O
                         net (fo=158, routed)         4.638     9.362    design_1_i/axi_smc/inst/sc_ul/inst/gen_axi_full_nxm.sasd_inst/gen_read.s_axi_arready_vec_i[0]_i_1_n_0
    SLICE_X43Y88         FDRE                                         r  design_1_i/axi_smc/inst/sc_ul/inst/gen_axi_full_nxm.sasd_inst/gen_read.r_cnt_reg[1]/R
  -------------------------------------------------------------------    -------------------

                         (clock clk_fpga_0 rise edge)
                                                     20.000    20.000 r  <hidden>
    PS7_X0Y0             PS7                          0.000    20.000 r  design_1_i/processing_system7_0/inst/PS7_i/FCLKCLK[0]
                         net (fo=1, routed)           1.088    21.088    design_1_i/processing_system7_0/inst/FCLK_CLK_unbuffered[0]
    BUFGCTRL_X0Y16       BUFG (Prop_bufg_I_O)         0.091    21.179 r  design_1_i/processing_system7_0/inst/buffer_fclk_clk_0.FCLK_CLK_0_BUFG/O
                         net (fo=805, routed)         1.476    22.655    design_1_i/axi_smc/inst/sc_ul/inst/gen_axi_full_nxm.sasd_inst/aclk
    SLICE_X43Y88         FDRE                                         r  design_1_i/axi_smc/inst/sc_ul/inst/gen_axi_full_nxm.sasd_inst/gen_read.r_cnt_reg[1]/C
                         clock pessimism              0.129    22.784    <hidden>
                         clock uncertainty           -0.302    22.482    <hidden>
    SLICE_X43Y88         FDRE (Setup_fdre_C_R)       -0.633    21.849    design_1_i/axi_smc/inst/sc_ul/inst/gen_axi_full_nxm.sasd_inst/gen_read.r_cnt_reg[1]
  -------------------------------------------------------------------
                         required time                         21.849    <hidden>
                         arrival time                          -9.362    <hidden>
  -------------------------------------------------------------------
                         slack                                 12.486    <hidden>

Slack (MET) :             12.486ns  (required time - arrival time)
  Source:                 design_1_i/axi_smc/inst/sc_ul/inst/cdc_aresetn/syncstages_ff_reg[1]/C
                            (rising edge-triggered cell FDRE clocked by clk_fpga_0  {rise@0.000ns fall@10.000ns period=20.000ns})
  Destination:            design_1_i/axi_smc/inst/sc_ul/inst/gen_axi_full_nxm.sasd_inst/gen_read.r_cnt_reg[4]/R
                            (rising edge-triggered cell FDRE clocked by clk_fpga_0  {rise@0.000ns fall@10.000ns period=20.000ns})
  Path Group:             clk_fpga_0
  Path Type:              Setup (Max at Slow Process Corner)
  Requirement:            20.000ns  (clk_fpga_0 rise@20.000ns - clk_fpga_0 rise@0.000ns)
  Data Path Delay:        6.224ns  (logic 0.799ns (12.837%)  route 5.425ns (87.163%))
  Logic Levels:           1  (LUT1=1)
  Clock Path Skew:        -0.354ns (DCD - SCD + CPR)
    Destination Clock Delay (DCD):    2.655ns = ( 22.655 - 20.000 ) 
    Source Clock Delay      (SCD):    3.138ns
    Clock Pessimism Removal (CPR):    0.129ns
  Clock Uncertainty:      0.302ns  ((TSJ^2 + TIJ^2)^1/2 + DJ) / 2 + PE
    Total System Jitter     (TSJ):    0.071ns
    Total Input Jitter      (TIJ):    0.600ns
    Discrete Jitter          (DJ):    0.000ns
    Phase Error              (PE):    0.000ns

    Location             Delay type                Incr(ns)  Path(ns)    Netlist Resource(s)
  -------------------------------------------------------------------    -------------------
                         (clock clk_fpga_0 rise edge)
                                                      0.000     0.000 r  <hidden>
    PS7_X0Y0             PS7                          0.000     0.000 r  design_1_i/processing_system7_0/inst/PS7_i/FCLKCLK[0]
                         net (fo=1, routed)           1.193     1.193    design_1_i/processing_system7_0/inst/FCLK_CLK_unbuffered[0]
    BUFGCTRL_X0Y16       BUFG (Prop_bufg_I_O)         0.101     1.294 r  design_1_i/processing_system7_0/inst/buffer_fclk_clk_0.FCLK_CLK_0_BUFG/O
                         net (fo=805, routed)         1.844     3.138    design_1_i/axi_smc/inst/sc_ul/inst/cdc_aresetn/dest_clk
    SLICE_X36Y105        FDRE                                         r  design_1_i/axi_smc/inst/sc_ul/inst/cdc_aresetn/syncstages_ff_reg[1]/C
  -------------------------------------------------------------------    -------------------
    SLICE_X36Y105        FDRE (Prop_fdre_C_Q)         0.478     3.616 f  design_1_i/axi_smc/inst/sc_ul/inst/cdc_aresetn/syncstages_ff_reg[1]/Q
                         net (fo=8, routed)           0.787     4.403    design_1_i/axi_smc/inst/sc_ul/inst/gen_axi_full_nxm.sasd_inst/dest_rst
    SLICE_X32Y105        LUT1 (Prop_lut1_I0_O)        0.321     4.724 r  design_1_i/axi_smc/inst/sc_ul/inst/gen_axi_full_nxm.sasd_inst/gen_read.s_axi_arready_vec_i[0]_i_1/O
                         net (fo=158, routed)         4.638     9.362    design_1_i/axi_smc/inst/sc_ul/inst/gen_axi_full_nxm.sasd_inst/gen_read.s_axi_arready_vec_i[0]_i_1_n_0
    SLICE_X43Y88         FDRE                                         r  design_1_i/axi_smc/inst/sc_ul/inst/gen_axi_full_nxm.sasd_inst/gen_read.r_cnt_reg[4]/R
  -------------------------------------------------------------------    -------------------

                         (clock clk_fpga_0 rise edge)
                                                     20.000    20.000 r  <hidden>
    PS7_X0Y0             PS7                          0.000    20.000 r  design_1_i/processing_system7_0/inst/PS7_i/FCLKCLK[0]
                         net (fo=1, routed)           1.088    21.088    design_1_i/processing_system7_0/inst/FCLK_CLK_unbuffered[0]
    BUFGCTRL_X0Y16       BUFG (Prop_bufg_I_O)         0.091    21.179 r  design_1_i/processing_system7_0/inst/buffer_fclk_clk_0.FCLK_CLK_0_BUFG/O
                         net (fo=805, routed)         1.476    22.655    design_1_i/axi_smc/inst/sc_ul/inst/gen_axi_full_nxm.sasd_inst/aclk
    SLICE_X43Y88         FDRE                                         r  design_1_i/axi_smc/inst/sc_ul/inst/gen_axi_full_nxm.sasd_inst/gen_read.r_cnt_reg[4]/C
                         clock pessimism              0.129    22.784    <hidden>
                         clock uncertainty           -0.302    22.482    <hidden>
    SLICE_X43Y88         FDRE (Setup_fdre_C_R)       -0.633    21.849    design_1_i/axi_smc/inst/sc_ul/inst/gen_axi_full_nxm.sasd_inst/gen_read.r_cnt_reg[4]
  -------------------------------------------------------------------
                         required time                         21.849    <hidden>
                         arrival time                          -9.362    <hidden>
  -------------------------------------------------------------------
                         slack                                 12.486    <hidden>

Slack (MET) :             12.628ns  (required time - arrival time)
  Source:                 design_1_i/axi_smc/inst/sc_ul/inst/cdc_aresetn/syncstages_ff_reg[1]/C
                            (rising edge-triggered cell FDRE clocked by clk_fpga_0  {rise@0.000ns fall@10.000ns period=20.000ns})
  Destination:            design_1_i/axi_smc/inst/sc_ul/inst/gen_axi_full_nxm.sasd_inst/gen_read.r_cnt_reg[2]/R
                            (rising edge-triggered cell FDRE clocked by clk_fpga_0  {rise@0.000ns fall@10.000ns period=20.000ns})
  Path Group:             clk_fpga_0
  Path Type:              Setup (Max at Slow Process Corner)
  Requirement:            20.000ns  (clk_fpga_0 rise@20.000ns - clk_fpga_0 rise@0.000ns)
  Data Path Delay:        6.081ns  (logic 0.799ns (13.139%)  route 5.282ns (86.861%))
  Logic Levels:           1  (LUT1=1)
  Clock Path Skew:        -0.355ns (DCD - SCD + CPR)
    Destination Clock Delay (DCD):    2.654ns = ( 22.654 - 20.000 ) 
    Source Clock Delay      (SCD):    3.138ns
    Clock Pessimism Removal (CPR):    0.129ns
  Clock Uncertainty:      0.302ns  ((TSJ^2 + TIJ^2)^1/2 + DJ) / 2 + PE
    Total System Jitter     (TSJ):    0.071ns
    Total Input Jitter      (TIJ):    0.600ns
    Discrete Jitter          (DJ):    0.000ns
    Phase Error              (PE):    0.000ns

    Location             Delay type                Incr(ns)  Path(ns)    Netlist Resource(s)
  -------------------------------------------------------------------    -------------------
                         (clock clk_fpga_0 rise edge)
                                                      0.000     0.000 r  <hidden>
    PS7_X0Y0             PS7                          0.000     0.000 r  design_1_i/processing_system7_0/inst/PS7_i/FCLKCLK[0]
                         net (fo=1, routed)           1.193     1.193    design_1_i/processing_system7_0/inst/FCLK_CLK_unbuffered[0]
    BUFGCTRL_X0Y16       BUFG (Prop_bufg_I_O)         0.101     1.294 r  design_1_i/processing_system7_0/inst/buffer_fclk_clk_0.FCLK_CLK_0_BUFG/O
                         net (fo=805, routed)         1.844     3.138    design_1_i/axi_smc/inst/sc_ul/inst/cdc_aresetn/dest_clk
    SLICE_X36Y105        FDRE                                         r  design_1_i/axi_smc/inst/sc_ul/inst/cdc_aresetn/syncstages_ff_reg[1]/C
  -------------------------------------------------------------------    -------------------
    SLICE_X36Y105        FDRE (Prop_fdre_C_Q)         0.478     3.616 f  design_1_i/axi_smc/inst/sc_ul/inst/cdc_aresetn/syncstages_ff_reg[1]/Q
                         net (fo=8, routed)           0.787     4.403    design_1_i/axi_smc/inst/sc_ul/inst/gen_axi_full_nxm.sasd_inst/dest_rst
    SLICE_X32Y105        LUT1 (Prop_lut1_I0_O)        0.321     4.724 r  design_1_i/axi_smc/inst/sc_ul/inst/gen_axi_full_nxm.sasd_inst/gen_read.s_axi_arready_vec_i[0]_i_1/O
                         net (fo=158, routed)         4.495     9.219    design_1_i/axi_smc/inst/sc_ul/inst/gen_axi_full_nxm.sasd_inst/gen_read.s_axi_arready_vec_i[0]_i_1_n_0
    SLICE_X44Y88         FDRE                                         r  design_1_i/axi_smc/inst/sc_ul/inst/gen_axi_full_nxm.sasd_inst/gen_read.r_cnt_reg[2]/R
  -------------------------------------------------------------------    -------------------

                         (clock clk_fpga_0 rise edge)
                                                     20.000    20.000 r  <hidden>
    PS7_X0Y0             PS7                          0.000    20.000 r  design_1_i/processing_system7_0/inst/PS7_i/FCLKCLK[0]
                         net (fo=1, routed)           1.088    21.088    design_1_i/processing_system7_0/inst/FCLK_CLK_unbuffered[0]
    BUFGCTRL_X0Y16       BUFG (Prop_bufg_I_O)         0.091    21.179 r  design_1_i/processing_system7_0/inst/buffer_fclk_clk_0.FCLK_CLK_0_BUFG/O
                         net (fo=805, routed)         1.475    22.654    design_1_i/axi_smc/inst/sc_ul/inst/gen_axi_full_nxm.sasd_inst/aclk
    SLICE_X44Y88         FDRE                                         r  design_1_i/axi_smc/inst/sc_ul/inst/gen_axi_full_nxm.sasd_inst/gen_read.r_cnt_reg[2]/C
                         clock pessimism              0.129    22.783    <hidden>
                         clock uncertainty           -0.302    22.481    <hidden>
    SLICE_X44Y88         FDRE (Setup_fdre_C_R)       -0.633    21.848    design_1_i/axi_smc/inst/sc_ul/inst/gen_axi_full_nxm.sasd_inst/gen_read.r_cnt_reg[2]
  -------------------------------------------------------------------
                         required time                         21.848    <hidden>
                         arrival time                          -9.219    <hidden>
  -------------------------------------------------------------------
                         slack                                 12.628    <hidden>

Slack (MET) :             12.628ns  (required time - arrival time)
  Source:                 design_1_i/axi_smc/inst/sc_ul/inst/cdc_aresetn/syncstages_ff_reg[1]/C
                            (rising edge-triggered cell FDRE clocked by clk_fpga_0  {rise@0.000ns fall@10.000ns period=20.000ns})
  Destination:            design_1_i/axi_smc/inst/sc_ul/inst/gen_axi_full_nxm.sasd_inst/gen_read.r_cnt_reg[3]/R
                            (rising edge-triggered cell FDRE clocked by clk_fpga_0  {rise@0.000ns fall@10.000ns period=20.000ns})
  Path Group:             clk_fpga_0
  Path Type:              Setup (Max at Slow Process Corner)
  Requirement:            20.000ns  (clk_fpga_0 rise@20.000ns - clk_fpga_0 rise@0.000ns)
  Data Path Delay:        6.081ns  (logic 0.799ns (13.139%)  route 5.282ns (86.861%))
  Logic Levels:           1  (LUT1=1)
  Clock Path Skew:        -0.355ns (DCD - SCD + CPR)
    Destination Clock Delay (DCD):    2.654ns = ( 22.654 - 20.000 ) 
    Source Clock Delay      (SCD):    3.138ns
    Clock Pessimism Removal (CPR):    0.129ns
  Clock Uncertainty:      0.302ns  ((TSJ^2 + TIJ^2)^1/2 + DJ) / 2 + PE
    Total System Jitter     (TSJ):    0.071ns
    Total Input Jitter      (TIJ):    0.600ns
    Discrete Jitter          (DJ):    0.000ns
    Phase Error              (PE):    0.000ns

    Location             Delay type                Incr(ns)  Path(ns)    Netlist Resource(s)
  -------------------------------------------------------------------    -------------------
                         (clock clk_fpga_0 rise edge)
                                                      0.000     0.000 r  <hidden>
    PS7_X0Y0             PS7                          0.000     0.000 r  design_1_i/processing_system7_0/inst/PS7_i/FCLKCLK[0]
                         net (fo=1, routed)           1.193     1.193    design_1_i/processing_system7_0/inst/FCLK_CLK_unbuffered[0]
    BUFGCTRL_X0Y16       BUFG (Prop_bufg_I_O)         0.101     1.294 r  design_1_i/processing_system7_0/inst/buffer_fclk_clk_0.FCLK_CLK_0_BUFG/O
                         net (fo=805, routed)         1.844     3.138    design_1_i/axi_smc/inst/sc_ul/inst/cdc_aresetn/dest_clk
    SLICE_X36Y105        FDRE                                         r  design_1_i/axi_smc/inst/sc_ul/inst/cdc_aresetn/syncstages_ff_reg[1]/C
  -------------------------------------------------------------------    -------------------
    SLICE_X36Y105        FDRE (Prop_fdre_C_Q)         0.478     3.616 f  design_1_i/axi_smc/inst/sc_ul/inst/cdc_aresetn/syncstages_ff_reg[1]/Q
                         net (fo=8, routed)           0.787     4.403    design_1_i/axi_smc/inst/sc_ul/inst/gen_axi_full_nxm.sasd_inst/dest_rst
    SLICE_X32Y105        LUT1 (Prop_lut1_I0_O)        0.321     4.724 r  design_1_i/axi_smc/inst/sc_ul/inst/gen_axi_full_nxm.sasd_inst/gen_read.s_axi_arready_vec_i[0]_i_1/O
                         net (fo=158, routed)         4.495     9.219    design_1_i/axi_smc/inst/sc_ul/inst/gen_axi_full_nxm.sasd_inst/gen_read.s_axi_arready_vec_i[0]_i_1_n_0
    SLICE_X44Y88         FDRE                                         r  design_1_i/axi_smc/inst/sc_ul/inst/gen_axi_full_nxm.sasd_inst/gen_read.r_cnt_reg[3]/R
  -------------------------------------------------------------------    -------------------

                         (clock clk_fpga_0 rise edge)
                                                     20.000    20.000 r  <hidden>
    PS7_X0Y0             PS7                          0.000    20.000 r  design_1_i/processing_system7_0/inst/PS7_i/FCLKCLK[0]
                         net (fo=1, routed)           1.088    21.088    design_1_i/processing_system7_0/inst/FCLK_CLK_unbuffered[0]
    BUFGCTRL_X0Y16       BUFG (Prop_bufg_I_O)         0.091    21.179 r  design_1_i/processing_system7_0/inst/buffer_fclk_clk_0.FCLK_CLK_0_BUFG/O
                         net (fo=805, routed)         1.475    22.654    design_1_i/axi_smc/inst/sc_ul/inst/gen_axi_full_nxm.sasd_inst/aclk
    SLICE_X44Y88         FDRE                                         r  design_1_i/axi_smc/inst/sc_ul/inst/gen_axi_full_nxm.sasd_inst/gen_read.r_cnt_reg[3]/C
                         clock pessimism              0.129    22.783    <hidden>
                         clock uncertainty           -0.302    22.481    <hidden>
    SLICE_X44Y88         FDRE (Setup_fdre_C_R)       -0.633    21.848    design_1_i/axi_smc/inst/sc_ul/inst/gen_axi_full_nxm.sasd_inst/gen_read.r_cnt_reg[3]
  -------------------------------------------------------------------
                         required time                         21.848    <hidden>
                         arrival time                          -9.219    <hidden>
  -------------------------------------------------------------------
                         slack                                 12.628    <hidden>

Slack (MET) :             12.683ns  (required time - arrival time)
  Source:                 design_1_i/axi_smc/inst/sc_ul/inst/cdc_aresetn/syncstages_ff_reg[1]/C
                            (rising edge-triggered cell FDRE clocked by clk_fpga_0  {rise@0.000ns fall@10.000ns period=20.000ns})
  Destination:            design_1_i/axi_smc/inst/sc_ul/inst/gen_axi_full_nxm.sasd_inst/gen_read.r_cnt_reg[8]/R
                            (rising edge-triggered cell FDRE clocked by clk_fpga_0  {rise@0.000ns fall@10.000ns period=20.000ns})
  Path Group:             clk_fpga_0
  Path Type:              Setup (Max at Slow Process Corner)
  Requirement:            20.000ns  (clk_fpga_0 rise@20.000ns - clk_fpga_0 rise@0.000ns)
  Data Path Delay:        6.028ns  (logic 0.799ns (13.255%)  route 5.229ns (86.745%))
  Logic Levels:           1  (LUT1=1)
  Clock Path Skew:        -0.354ns (DCD - SCD + CPR)
    Destination Clock Delay (DCD):    2.655ns = ( 22.655 - 20.000 ) 
    Source Clock Delay      (SCD):    3.138ns
    Clock Pessimism Removal (CPR):    0.129ns
  Clock Uncertainty:      0.302ns  ((TSJ^2 + TIJ^2)^1/2 + DJ) / 2 + PE
    Total System Jitter     (TSJ):    0.071ns
    Total Input Jitter      (TIJ):    0.600ns
    Discrete Jitter          (DJ):    0.000ns
    Phase Error              (PE):    0.000ns

    Location             Delay type                Incr(ns)  Path(ns)    Netlist Resource(s)
  -------------------------------------------------------------------    -------------------
                         (clock clk_fpga_0 rise edge)
                                                      0.000     0.000 r  <hidden>
    PS7_X0Y0             PS7                          0.000     0.000 r  design_1_i/processing_system7_0/inst/PS7_i/FCLKCLK[0]
                         net (fo=1, routed)           1.193     1.193    design_1_i/processing_system7_0/inst/FCLK_CLK_unbuffered[0]
    BUFGCTRL_X0Y16       BUFG (Prop_bufg_I_O)         0.101     1.294 r  design_1_i/processing_system7_0/inst/buffer_fclk_clk_0.FCLK_CLK_0_BUFG/O
                         net (fo=805, routed)         1.844     3.138    design_1_i/axi_smc/inst/sc_ul/inst/cdc_aresetn/dest_clk
    SLICE_X36Y105        FDRE                                         r  design_1_i/axi_smc/inst/sc_ul/inst/cdc_aresetn/syncstages_ff_reg[1]/C
  -------------------------------------------------------------------    -------------------
    SLICE_X36Y105        FDRE (Prop_fdre_C_Q)         0.478     3.616 f  design_1_i/axi_smc/inst/sc_ul/inst/cdc_aresetn/syncstages_ff_reg[1]/Q
                         net (fo=8, routed)           0.787     4.403    design_1_i/axi_smc/inst/sc_ul/inst/gen_axi_full_nxm.sasd_inst/dest_rst
    SLICE_X32Y105        LUT1 (Prop_lut1_I0_O)        0.321     4.724 r  design_1_i/axi_smc/inst/sc_ul/inst/gen_axi_full_nxm.sasd_inst/gen_read.s_axi_arready_vec_i[0]_i_1/O
                         net (fo=158, routed)         4.442     9.166    design_1_i/axi_smc/inst/sc_ul/inst/gen_axi_full_nxm.sasd_inst/gen_read.s_axi_arready_vec_i[0]_i_1_n_0
    SLICE_X45Y89         FDRE                                         r  design_1_i/axi_smc/inst/sc_ul/inst/gen_axi_full_nxm.sasd_inst/gen_read.r_cnt_reg[8]/R
  -------------------------------------------------------------------    -------------------

                         (clock clk_fpga_0 rise edge)
                                                     20.000    20.000 r  <hidden>
    PS7_X0Y0             PS7                          0.000    20.000 r  design_1_i/processing_system7_0/inst/PS7_i/FCLKCLK[0]
                         net (fo=1, routed)           1.088    21.088    design_1_i/processing_system7_0/inst/FCLK_CLK_unbuffered[0]
    BUFGCTRL_X0Y16       BUFG (Prop_bufg_I_O)         0.091    21.179 r  design_1_i/processing_system7_0/inst/buffer_fclk_clk_0.FCLK_CLK_0_BUFG/O
                         net (fo=805, routed)         1.476    22.655    design_1_i/axi_smc/inst/sc_ul/inst/gen_axi_full_nxm.sasd_inst/aclk
    SLICE_X45Y89         FDRE                                         r  design_1_i/axi_smc/inst/sc_ul/inst/gen_axi_full_nxm.sasd_inst/gen_read.r_cnt_reg[8]/C
                         clock pessimism              0.129    22.784    <hidden>
                         clock uncertainty           -0.302    22.482    <hidden>
    SLICE_X45Y89         FDRE (Setup_fdre_C_R)       -0.633    21.849    design_1_i/axi_smc/inst/sc_ul/inst/gen_axi_full_nxm.sasd_inst/gen_read.r_cnt_reg[8]
  -------------------------------------------------------------------
                         required time                         21.849    <hidden>
                         arrival time                          -9.166    <hidden>
  -------------------------------------------------------------------
                         slack                                 12.683    <hidden>

Slack (MET) :             12.715ns  (required time - arrival time)
  Source:                 design_1_i/axi_smc/inst/sc_ul/inst/gen_axi_full_nxm.sasd_inst/gen_write.aw_addr_reg[0]/C
                            (rising edge-triggered cell FDRE clocked by clk_fpga_0  {rise@0.000ns fall@10.000ns period=20.000ns})
  Destination:            design_1_i/axi_smc/inst/sc_ul/inst/gen_axi_full_nxm.sasd_inst/gen_write.aw_addr_reg[3]/D
                            (rising edge-triggered cell FDRE clocked by clk_fpga_0  {rise@0.000ns fall@10.000ns period=20.000ns})
  Path Group:             clk_fpga_0
  Path Type:              Setup (Max at Slow Process Corner)
  Requirement:            20.000ns  (clk_fpga_0 rise@20.000ns - clk_fpga_0 rise@0.000ns)
  Data Path Delay:        6.662ns  (logic 2.574ns (38.638%)  route 4.088ns (61.362%))
  Logic Levels:           8  (CARRY4=4 LUT3=1 LUT4=1 LUT5=1 LUT6=1)
  Clock Path Skew:        -0.352ns (DCD - SCD + CPR)
    Destination Clock Delay (DCD):    2.705ns = ( 22.705 - 20.000 ) 
    Source Clock Delay      (SCD):    3.186ns
    Clock Pessimism Removal (CPR):    0.129ns
  Clock Uncertainty:      0.302ns  ((TSJ^2 + TIJ^2)^1/2 + DJ) / 2 + PE
    Total System Jitter     (TSJ):    0.071ns
    Total Input Jitter      (TIJ):    0.600ns
    Discrete Jitter          (DJ):    0.000ns
    Phase Error              (PE):    0.000ns

    Location             Delay type                Incr(ns)  Path(ns)    Netlist Resource(s)
  -------------------------------------------------------------------    -------------------
                         (clock clk_fpga_0 rise edge)
                                                      0.000     0.000 r  <hidden>
    PS7_X0Y0             PS7                          0.000     0.000 r  design_1_i/processing_system7_0/inst/PS7_i/FCLKCLK[0]
                         net (fo=1, routed)           1.193     1.193    design_1_i/processing_system7_0/inst/FCLK_CLK_unbuffered[0]
    BUFGCTRL_X0Y16       BUFG (Prop_bufg_I_O)         0.101     1.294 r  design_1_i/processing_system7_0/inst/buffer_fclk_clk_0.FCLK_CLK_0_BUFG/O
                         net (fo=805, routed)         1.892     3.186    design_1_i/axi_smc/inst/sc_ul/inst/gen_axi_full_nxm.sasd_inst/aclk
    SLICE_X30Y100        FDRE                                         r  design_1_i/axi_smc/inst/sc_ul/inst/gen_axi_full_nxm.sasd_inst/gen_write.aw_addr_reg[0]/C
  -------------------------------------------------------------------    -------------------
    SLICE_X30Y100        FDRE (Prop_fdre_C_Q)         0.518     3.704 r  design_1_i/axi_smc/inst/sc_ul/inst/gen_axi_full_nxm.sasd_inst/gen_write.aw_addr_reg[0]/Q
                         net (fo=3, routed)           1.284     4.988    design_1_i/axi_smc/inst/sc_ul/inst/gen_axi_full_nxm.sasd_inst/m_axi_awaddr_vec[0]
    SLICE_X29Y98         LUT4 (Prop_lut4_I1_O)        0.124     5.112 r  design_1_i/axi_smc/inst/sc_ul/inst/gen_axi_full_nxm.sasd_inst/gen_write.aw_addr[3]_i_6/O
                         net (fo=1, routed)           0.000     5.112    design_1_i/axi_smc/inst/sc_ul/inst/gen_axi_full_nxm.sasd_inst/gen_write.aw_addr[3]_i_6_n_0
    SLICE_X29Y98         CARRY4 (Prop_carry4_S[0]_CO[3])
                                                      0.532     5.644 r  design_1_i/axi_smc/inst/sc_ul/inst/gen_axi_full_nxm.sasd_inst/gen_write.aw_addr_reg[3]_i_3/CO[3]
                         net (fo=1, routed)           0.000     5.644    design_1_i/axi_smc/inst/sc_ul/inst/gen_axi_full_nxm.sasd_inst/gen_write.aw_addr_reg[3]_i_3_n_0
    SLICE_X29Y99         CARRY4 (Prop_carry4_CI_CO[3])
                                                      0.114     5.758 r  design_1_i/axi_smc/inst/sc_ul/inst/gen_axi_full_nxm.sasd_inst/gen_write.aw_addr_reg[7]_i_3/CO[3]
                         net (fo=1, routed)           0.001     5.759    design_1_i/axi_smc/inst/sc_ul/inst/gen_axi_full_nxm.sasd_inst/gen_write.aw_addr_reg[7]_i_3_n_0
    SLICE_X29Y100        CARRY4 (Prop_carry4_CI_O[1])
                                                      0.334     6.093 r  design_1_i/axi_smc/inst/sc_ul/inst/gen_axi_full_nxm.sasd_inst/gen_write.aw_addr_reg[8]_i_7/O[1]
                         net (fo=2, routed)           1.144     7.236    design_1_i/axi_smc/inst/sc_ul/inst/gen_axi_full_nxm.sasd_inst/next_awaddr_i[9]
    SLICE_X28Y99         LUT6 (Prop_lut6_I0_O)        0.303     7.539 r  design_1_i/axi_smc/inst/sc_ul/inst/gen_axi_full_nxm.sasd_inst/gen_write.aw_addr[0]_i_3/O
                         net (fo=1, routed)           0.000     7.539    design_1_i/axi_smc/inst/sc_ul/inst/gen_axi_full_nxm.sasd_inst/gen_write.aw_addr[0]_i_3_n_0
    SLICE_X28Y99         CARRY4 (Prop_carry4_S[3]_CO[3])
                                                      0.401     7.940 r  design_1_i/axi_smc/inst/sc_ul/inst/gen_axi_full_nxm.sasd_inst/gen_write.aw_addr_reg[0]_i_2/CO[3]
                         net (fo=3, routed)           1.033     8.974    design_1_i/axi_smc/inst/sc_ul/inst/gen_axi_full_nxm.sasd_inst/gen_write.awctrl_mux/CO[0]
    SLICE_X27Y101        LUT3 (Prop_lut3_I0_O)        0.124     9.098 r  design_1_i/axi_smc/inst/sc_ul/inst/gen_axi_full_nxm.sasd_inst/gen_write.awctrl_mux/gen_write.aw_addr[8]_i_6/O
                         net (fo=10, routed)          0.626     9.724    design_1_i/axi_smc/inst/sc_ul/inst/gen_axi_full_nxm.sasd_inst/gen_write.awctrl_mux/gen_write.aw_addr[8]_i_6_n_0
    SLICE_X28Y98         LUT5 (Prop_lut5_I3_O)        0.124     9.848 r  design_1_i/axi_smc/inst/sc_ul/inst/gen_axi_full_nxm.sasd_inst/gen_write.awctrl_mux/gen_write.aw_addr[3]_i_1/O
                         net (fo=1, routed)           0.000     9.848    design_1_i/axi_smc/inst/sc_ul/inst/gen_axi_full_nxm.sasd_inst/gen_write.awctrl_mux_n_15
    SLICE_X28Y98         FDRE                                         r  design_1_i/axi_smc/inst/sc_ul/inst/gen_axi_full_nxm.sasd_inst/gen_write.aw_addr_reg[3]/D
  -------------------------------------------------------------------    -------------------

                         (clock clk_fpga_0 rise edge)
                                                     20.000    20.000 r  <hidden>
    PS7_X0Y0             PS7                          0.000    20.000 r  design_1_i/processing_system7_0/inst/PS7_i/FCLKCLK[0]
                         net (fo=1, routed)           1.088    21.088    design_1_i/processing_system7_0/inst/FCLK_CLK_unbuffered[0]
    BUFGCTRL_X0Y16       BUFG (Prop_bufg_I_O)         0.091    21.179 r  design_1_i/processing_system7_0/inst/buffer_fclk_clk_0.FCLK_CLK_0_BUFG/O
                         net (fo=805, routed)         1.526    22.705    design_1_i/axi_smc/inst/sc_ul/inst/gen_axi_full_nxm.sasd_inst/aclk
    SLICE_X28Y98         FDRE                                         r  design_1_i/axi_smc/inst/sc_ul/inst/gen_axi_full_nxm.sasd_inst/gen_write.aw_addr_reg[3]/C
                         clock pessimism              0.129    22.834    <hidden>
                         clock uncertainty           -0.302    22.532    <hidden>
    SLICE_X28Y98         FDRE (Setup_fdre_C_D)        0.031    22.563    design_1_i/axi_smc/inst/sc_ul/inst/gen_axi_full_nxm.sasd_inst/gen_write.aw_addr_reg[3]
  -------------------------------------------------------------------
                         required time                         22.563    <hidden>
                         arrival time                          -9.848    <hidden>
  -------------------------------------------------------------------
                         slack                                 12.715    <hidden>

Slack (MET) :             12.717ns  (required time - arrival time)
  Source:                 design_1_i/axi_smc/inst/sc_ul/inst/gen_axi_full_nxm.sasd_inst/gen_write.aw_addr_reg[0]/C
                            (rising edge-triggered cell FDRE clocked by clk_fpga_0  {rise@0.000ns fall@10.000ns period=20.000ns})
  Destination:            design_1_i/axi_smc/inst/sc_ul/inst/gen_axi_full_nxm.sasd_inst/gen_write.aw_addr_reg[2]/D
                            (rising edge-triggered cell FDRE clocked by clk_fpga_0  {rise@0.000ns fall@10.000ns period=20.000ns})
  Path Group:             clk_fpga_0
  Path Type:              Setup (Max at Slow Process Corner)
  Requirement:            20.000ns  (clk_fpga_0 rise@20.000ns - clk_fpga_0 rise@0.000ns)
  Data Path Delay:        6.658ns  (logic 2.574ns (38.662%)  route 4.084ns (61.338%))
  Logic Levels:           8  (CARRY4=4 LUT3=1 LUT4=1 LUT5=1 LUT6=1)
  Clock Path Skew:        -0.352ns (DCD - SCD + CPR)
    Destination Clock Delay (DCD):    2.705ns = ( 22.705 - 20.000 ) 
    Source Clock Delay      (SCD):    3.186ns
    Clock Pessimism Removal (CPR):    0.129ns
  Clock Uncertainty:      0.302ns  ((TSJ^2 + TIJ^2)^1/2 + DJ) / 2 + PE
    Total System Jitter     (TSJ):    0.071ns
    Total Input Jitter      (TIJ):    0.600ns
    Discrete Jitter          (DJ):    0.000ns
    Phase Error              (PE):    0.000ns

    Location             Delay type                Incr(ns)  Path(ns)    Netlist Resource(s)
  -------------------------------------------------------------------    -------------------
                         (clock clk_fpga_0 rise edge)
                                                      0.000     0.000 r  <hidden>
    PS7_X0Y0             PS7                          0.000     0.000 r  design_1_i/processing_system7_0/inst/PS7_i/FCLKCLK[0]
                         net (fo=1, routed)           1.193     1.193    design_1_i/processing_system7_0/inst/FCLK_CLK_unbuffered[0]
    BUFGCTRL_X0Y16       BUFG (Prop_bufg_I_O)         0.101     1.294 r  design_1_i/processing_system7_0/inst/buffer_fclk_clk_0.FCLK_CLK_0_BUFG/O
                         net (fo=805, routed)         1.892     3.186    design_1_i/axi_smc/inst/sc_ul/inst/gen_axi_full_nxm.sasd_inst/aclk
    SLICE_X30Y100        FDRE                                         r  design_1_i/axi_smc/inst/sc_ul/inst/gen_axi_full_nxm.sasd_inst/gen_write.aw_addr_reg[0]/C
  -------------------------------------------------------------------    -------------------
    SLICE_X30Y100        FDRE (Prop_fdre_C_Q)         0.518     3.704 r  design_1_i/axi_smc/inst/sc_ul/inst/gen_axi_full_nxm.sasd_inst/gen_write.aw_addr_reg[0]/Q
                         net (fo=3, routed)           1.284     4.988    design_1_i/axi_smc/inst/sc_ul/inst/gen_axi_full_nxm.sasd_inst/m_axi_awaddr_vec[0]
    SLICE_X29Y98         LUT4 (Prop_lut4_I1_O)        0.124     5.112 r  design_1_i/axi_smc/inst/sc_ul/inst/gen_axi_full_nxm.sasd_inst/gen_write.aw_addr[3]_i_6/O
                         net (fo=1, routed)           0.000     5.112    design_1_i/axi_smc/inst/sc_ul/inst/gen_axi_full_nxm.sasd_inst/gen_write.aw_addr[3]_i_6_n_0
    SLICE_X29Y98         CARRY4 (Prop_carry4_S[0]_CO[3])
                                                      0.532     5.644 r  design_1_i/axi_smc/inst/sc_ul/inst/gen_axi_full_nxm.sasd_inst/gen_write.aw_addr_reg[3]_i_3/CO[3]
                         net (fo=1, routed)           0.000     5.644    design_1_i/axi_smc/inst/sc_ul/inst/gen_axi_full_nxm.sasd_inst/gen_write.aw_addr_reg[3]_i_3_n_0
    SLICE_X29Y99         CARRY4 (Prop_carry4_CI_CO[3])
                                                      0.114     5.758 r  design_1_i/axi_smc/inst/sc_ul/inst/gen_axi_full_nxm.sasd_inst/gen_write.aw_addr_reg[7]_i_3/CO[3]
                         net (fo=1, routed)           0.001     5.759    design_1_i/axi_smc/inst/sc_ul/inst/gen_axi_full_nxm.sasd_inst/gen_write.aw_addr_reg[7]_i_3_n_0
    SLICE_X29Y100        CARRY4 (Prop_carry4_CI_O[1])
                                                      0.334     6.093 r  design_1_i/axi_smc/inst/sc_ul/inst/gen_axi_full_nxm.sasd_inst/gen_write.aw_addr_reg[8]_i_7/O[1]
                         net (fo=2, routed)           1.144     7.236    design_1_i/axi_smc/inst/sc_ul/inst/gen_axi_full_nxm.sasd_inst/next_awaddr_i[9]
    SLICE_X28Y99         LUT6 (Prop_lut6_I0_O)        0.303     7.539 r  design_1_i/axi_smc/inst/sc_ul/inst/gen_axi_full_nxm.sasd_inst/gen_write.aw_addr[0]_i_3/O
                         net (fo=1, routed)           0.000     7.539    design_1_i/axi_smc/inst/sc_ul/inst/gen_axi_full_nxm.sasd_inst/gen_write.aw_addr[0]_i_3_n_0
    SLICE_X28Y99         CARRY4 (Prop_carry4_S[3]_CO[3])
                                                      0.401     7.940 r  design_1_i/axi_smc/inst/sc_ul/inst/gen_axi_full_nxm.sasd_inst/gen_write.aw_addr_reg[0]_i_2/CO[3]
                         net (fo=3, routed)           1.033     8.974    design_1_i/axi_smc/inst/sc_ul/inst/gen_axi_full_nxm.sasd_inst/gen_write.awctrl_mux/CO[0]
    SLICE_X27Y101        LUT3 (Prop_lut3_I0_O)        0.124     9.098 r  design_1_i/axi_smc/inst/sc_ul/inst/gen_axi_full_nxm.sasd_inst/gen_write.awctrl_mux/gen_write.aw_addr[8]_i_6/O
                         net (fo=10, routed)          0.622     9.720    design_1_i/axi_smc/inst/sc_ul/inst/gen_axi_full_nxm.sasd_inst/gen_write.awctrl_mux/gen_write.aw_addr[8]_i_6_n_0
    SLICE_X28Y98         LUT5 (Prop_lut5_I3_O)        0.124     9.844 r  design_1_i/axi_smc/inst/sc_ul/inst/gen_axi_full_nxm.sasd_inst/gen_write.awctrl_mux/gen_write.aw_addr[2]_i_1/O
                         net (fo=1, routed)           0.000     9.844    design_1_i/axi_smc/inst/sc_ul/inst/gen_axi_full_nxm.sasd_inst/gen_write.awctrl_mux_n_16
    SLICE_X28Y98         FDRE                                         r  design_1_i/axi_smc/inst/sc_ul/inst/gen_axi_full_nxm.sasd_inst/gen_write.aw_addr_reg[2]/D
  -------------------------------------------------------------------    -------------------

                         (clock clk_fpga_0 rise edge)
                                                     20.000    20.000 r  <hidden>
    PS7_X0Y0             PS7                          0.000    20.000 r  design_1_i/processing_system7_0/inst/PS7_i/FCLKCLK[0]
                         net (fo=1, routed)           1.088    21.088    design_1_i/processing_system7_0/inst/FCLK_CLK_unbuffered[0]
    BUFGCTRL_X0Y16       BUFG (Prop_bufg_I_O)         0.091    21.179 r  design_1_i/processing_system7_0/inst/buffer_fclk_clk_0.FCLK_CLK_0_BUFG/O
                         net (fo=805, routed)         1.526    22.705    design_1_i/axi_smc/inst/sc_ul/inst/gen_axi_full_nxm.sasd_inst/aclk
    SLICE_X28Y98         FDRE                                         r  design_1_i/axi_smc/inst/sc_ul/inst/gen_axi_full_nxm.sasd_inst/gen_write.aw_addr_reg[2]/C
                         clock pessimism              0.129    22.834    <hidden>
                         clock uncertainty           -0.302    22.532    <hidden>
    SLICE_X28Y98         FDRE (Setup_fdre_C_D)        0.029    22.561    design_1_i/axi_smc/inst/sc_ul/inst/gen_axi_full_nxm.sasd_inst/gen_write.aw_addr_reg[2]
  -------------------------------------------------------------------
                         required time                         22.561    <hidden>
                         arrival time                          -9.844    <hidden>
  -------------------------------------------------------------------
                         slack                                 12.717    <hidden>

Slack (MET) :             12.859ns  (required time - arrival time)
  Source:                 design_1_i/axi_smc/inst/sc_ul/inst/gen_axi_full_nxm.sasd_inst/gen_write.aw_addr_reg[0]/C
                            (rising edge-triggered cell FDRE clocked by clk_fpga_0  {rise@0.000ns fall@10.000ns period=20.000ns})
  Destination:            design_1_i/axi_smc/inst/sc_ul/inst/gen_axi_full_nxm.sasd_inst/gen_write.aw_addr_reg[6]/D
                            (rising edge-triggered cell FDRE clocked by clk_fpga_0  {rise@0.000ns fall@10.000ns period=20.000ns})
  Path Group:             clk_fpga_0
  Path Type:              Setup (Max at Slow Process Corner)
  Requirement:            20.000ns  (clk_fpga_0 rise@20.000ns - clk_fpga_0 rise@0.000ns)
  Data Path Delay:        6.561ns  (logic 2.574ns (39.229%)  route 3.987ns (60.771%))
  Logic Levels:           8  (CARRY4=4 LUT3=1 LUT4=1 LUT5=1 LUT6=1)
  Clock Path Skew:        -0.356ns (DCD - SCD + CPR)
    Destination Clock Delay (DCD):    2.701ns = ( 22.701 - 20.000 ) 
    Source Clock Delay      (SCD):    3.186ns
    Clock Pessimism Removal (CPR):    0.129ns
  Clock Uncertainty:      0.302ns  ((TSJ^2 + TIJ^2)^1/2 + DJ) / 2 + PE
    Total System Jitter     (TSJ):    0.071ns
    Total Input Jitter      (TIJ):    0.600ns
    Discrete Jitter          (DJ):    0.000ns
    Phase Error              (PE):    0.000ns

    Location             Delay type                Incr(ns)  Path(ns)    Netlist Resource(s)
  -------------------------------------------------------------------    -------------------
                         (clock clk_fpga_0 rise edge)
                                                      0.000     0.000 r  <hidden>
    PS7_X0Y0             PS7                          0.000     0.000 r  design_1_i/processing_system7_0/inst/PS7_i/FCLKCLK[0]
                         net (fo=1, routed)           1.193     1.193    design_1_i/processing_system7_0/inst/FCLK_CLK_unbuffered[0]
    BUFGCTRL_X0Y16       BUFG (Prop_bufg_I_O)         0.101     1.294 r  design_1_i/processing_system7_0/inst/buffer_fclk_clk_0.FCLK_CLK_0_BUFG/O
                         net (fo=805, routed)         1.892     3.186    design_1_i/axi_smc/inst/sc_ul/inst/gen_axi_full_nxm.sasd_inst/aclk
    SLICE_X30Y100        FDRE                                         r  design_1_i/axi_smc/inst/sc_ul/inst/gen_axi_full_nxm.sasd_inst/gen_write.aw_addr_reg[0]/C
  -------------------------------------------------------------------    -------------------
    SLICE_X30Y100        FDRE (Prop_fdre_C_Q)         0.518     3.704 r  design_1_i/axi_smc/inst/sc_ul/inst/gen_axi_full_nxm.sasd_inst/gen_write.aw_addr_reg[0]/Q
                         net (fo=3, routed)           1.284     4.988    design_1_i/axi_smc/inst/sc_ul/inst/gen_axi_full_nxm.sasd_inst/m_axi_awaddr_vec[0]
    SLICE_X29Y98         LUT4 (Prop_lut4_I1_O)        0.124     5.112 r  design_1_i/axi_smc/inst/sc_ul/inst/gen_axi_full_nxm.sasd_inst/gen_write.aw_addr[3]_i_6/O
                         net (fo=1, routed)           0.000     5.112    design_1_i/axi_smc/inst/sc_ul/inst/gen_axi_full_nxm.sasd_inst/gen_write.aw_addr[3]_i_6_n_0
    SLICE_X29Y98         CARRY4 (Prop_carry4_S[0]_CO[3])
                                                      0.532     5.644 r  design_1_i/axi_smc/inst/sc_ul/inst/gen_axi_full_nxm.sasd_inst/gen_write.aw_addr_reg[3]_i_3/CO[3]
                         net (fo=1, routed)           0.000     5.644    design_1_i/axi_smc/inst/sc_ul/inst/gen_axi_full_nxm.sasd_inst/gen_write.aw_addr_reg[3]_i_3_n_0
    SLICE_X29Y99         CARRY4 (Prop_carry4_CI_CO[3])
                                                      0.114     5.758 r  design_1_i/axi_smc/inst/sc_ul/inst/gen_axi_full_nxm.sasd_inst/gen_write.aw_addr_reg[7]_i_3/CO[3]
                         net (fo=1, routed)           0.001     5.759    design_1_i/axi_smc/inst/sc_ul/inst/gen_axi_full_nxm.sasd_inst/gen_write.aw_addr_reg[7]_i_3_n_0
    SLICE_X29Y100        CARRY4 (Prop_carry4_CI_O[1])
                                                      0.334     6.093 r  design_1_i/axi_smc/inst/sc_ul/inst/gen_axi_full_nxm.sasd_inst/gen_write.aw_addr_reg[8]_i_7/O[1]
                         net (fo=2, routed)           1.144     7.236    design_1_i/axi_smc/inst/sc_ul/inst/gen_axi_full_nxm.sasd_inst/next_awaddr_i[9]
    SLICE_X28Y99         LUT6 (Prop_lut6_I0_O)        0.303     7.539 r  design_1_i/axi_smc/inst/sc_ul/inst/gen_axi_full_nxm.sasd_inst/gen_write.aw_addr[0]_i_3/O
                         net (fo=1, routed)           0.000     7.539    design_1_i/axi_smc/inst/sc_ul/inst/gen_axi_full_nxm.sasd_inst/gen_write.aw_addr[0]_i_3_n_0
    SLICE_X28Y99         CARRY4 (Prop_carry4_S[3]_CO[3])
                                                      0.401     7.940 r  design_1_i/axi_smc/inst/sc_ul/inst/gen_axi_full_nxm.sasd_inst/gen_write.aw_addr_reg[0]_i_2/CO[3]
                         net (fo=3, routed)           1.033     8.974    design_1_i/axi_smc/inst/sc_ul/inst/gen_axi_full_nxm.sasd_inst/gen_write.awctrl_mux/CO[0]
    SLICE_X27Y101        LUT3 (Prop_lut3_I0_O)        0.124     9.098 r  design_1_i/axi_smc/inst/sc_ul/inst/gen_axi_full_nxm.sasd_inst/gen_write.awctrl_mux/gen_write.aw_addr[8]_i_6/O
                         net (fo=10, routed)          0.526     9.623    design_1_i/axi_smc/inst/sc_ul/inst/gen_axi_full_nxm.sasd_inst/gen_write.awctrl_mux/gen_write.aw_addr[8]_i_6_n_0
    SLICE_X26Y99         LUT5 (Prop_lut5_I3_O)        0.124     9.747 r  design_1_i/axi_smc/inst/sc_ul/inst/gen_axi_full_nxm.sasd_inst/gen_write.awctrl_mux/gen_write.aw_addr[6]_i_1/O
                         net (fo=1, routed)           0.000     9.747    design_1_i/axi_smc/inst/sc_ul/inst/gen_axi_full_nxm.sasd_inst/gen_write.awctrl_mux_n_12
    SLICE_X26Y99         FDRE                                         r  design_1_i/axi_smc/inst/sc_ul/inst/gen_axi_full_nxm.sasd_inst/gen_write.aw_addr_reg[6]/D
  -------------------------------------------------------------------    -------------------

                         (clock clk_fpga_0 rise edge)
                                                     20.000    20.000 r  <hidden>
    PS7_X0Y0             PS7                          0.000    20.000 r  design_1_i/processing_system7_0/inst/PS7_i/FCLKCLK[0]
                         net (fo=1, routed)           1.088    21.088    design_1_i/processing_system7_0/inst/FCLK_CLK_unbuffered[0]
    BUFGCTRL_X0Y16       BUFG (Prop_bufg_I_O)         0.091    21.179 r  design_1_i/processing_system7_0/inst/buffer_fclk_clk_0.FCLK_CLK_0_BUFG/O
                         net (fo=805, routed)         1.522    22.701    design_1_i/axi_smc/inst/sc_ul/inst/gen_axi_full_nxm.sasd_inst/aclk
    SLICE_X26Y99         FDRE                                         r  design_1_i/axi_smc/inst/sc_ul/inst/gen_axi_full_nxm.sasd_inst/gen_write.aw_addr_reg[6]/C
                         clock pessimism              0.129    22.830    <hidden>
                         clock uncertainty           -0.302    22.528    <hidden>
    SLICE_X26Y99         FDRE (Setup_fdre_C_D)        0.079    22.607    design_1_i/axi_smc/inst/sc_ul/inst/gen_axi_full_nxm.sasd_inst/gen_write.aw_addr_reg[6]
  -------------------------------------------------------------------
                         required time                         22.607    <hidden>
                         arrival time                          -9.747    <hidden>
  -------------------------------------------------------------------
                         slack                                 12.859    <hidden>

Slack (MET) :             12.896ns  (required time - arrival time)
  Source:                 design_1_i/axi_smc/inst/sc_ul/inst/gen_axi_full_nxm.sasd_inst/gen_write.aw_addr_reg[0]/C
                            (rising edge-triggered cell FDRE clocked by clk_fpga_0  {rise@0.000ns fall@10.000ns period=20.000ns})
  Destination:            design_1_i/axi_smc/inst/sc_ul/inst/gen_axi_full_nxm.sasd_inst/gen_write.aw_addr_reg[5]/D
                            (rising edge-triggered cell FDRE clocked by clk_fpga_0  {rise@0.000ns fall@10.000ns period=20.000ns})
  Path Group:             clk_fpga_0
  Path Type:              Setup (Max at Slow Process Corner)
  Requirement:            20.000ns  (clk_fpga_0 rise@20.000ns - clk_fpga_0 rise@0.000ns)
  Data Path Delay:        6.808ns  (logic 2.574ns (37.810%)  route 4.234ns (62.190%))
  Logic Levels:           8  (CARRY4=4 LUT3=1 LUT4=1 LUT5=1 LUT6=1)
  Clock Path Skew:        -0.025ns (DCD - SCD + CPR)
    Destination Clock Delay (DCD):    2.879ns = ( 22.879 - 20.000 ) 
    Source Clock Delay      (SCD):    3.186ns
    Clock Pessimism Removal (CPR):    0.282ns
  Clock Uncertainty:      0.302ns  ((TSJ^2 + TIJ^2)^1/2 + DJ) / 2 + PE
    Total System Jitter     (TSJ):    0.071ns
    Total Input Jitter      (TIJ):    0.600ns
    Discrete Jitter          (DJ):    0.000ns
    Phase Error              (PE):    0.000ns

    Location             Delay type                Incr(ns)  Path(ns)    Netlist Resource(s)
  -------------------------------------------------------------------    -------------------
                         (clock clk_fpga_0 rise edge)
                                                      0.000     0.000 r  <hidden>
    PS7_X0Y0             PS7                          0.000     0.000 r  design_1_i/processing_system7_0/inst/PS7_i/FCLKCLK[0]
                         net (fo=1, routed)           1.193     1.193    design_1_i/processing_system7_0/inst/FCLK_CLK_unbuffered[0]
    BUFGCTRL_X0Y16       BUFG (Prop_bufg_I_O)         0.101     1.294 r  design_1_i/processing_system7_0/inst/buffer_fclk_clk_0.FCLK_CLK_0_BUFG/O
                         net (fo=805, routed)         1.892     3.186    design_1_i/axi_smc/inst/sc_ul/inst/gen_axi_full_nxm.sasd_inst/aclk
    SLICE_X30Y100        FDRE                                         r  design_1_i/axi_smc/inst/sc_ul/inst/gen_axi_full_nxm.sasd_inst/gen_write.aw_addr_reg[0]/C
  -------------------------------------------------------------------    -------------------
    SLICE_X30Y100        FDRE (Prop_fdre_C_Q)         0.518     3.704 r  design_1_i/axi_smc/inst/sc_ul/inst/gen_axi_full_nxm.sasd_inst/gen_write.aw_addr_reg[0]/Q
                         net (fo=3, routed)           1.284     4.988    design_1_i/axi_smc/inst/sc_ul/inst/gen_axi_full_nxm.sasd_inst/m_axi_awaddr_vec[0]
    SLICE_X29Y98         LUT4 (Prop_lut4_I1_O)        0.124     5.112 r  design_1_i/axi_smc/inst/sc_ul/inst/gen_axi_full_nxm.sasd_inst/gen_write.aw_addr[3]_i_6/O
                         net (fo=1, routed)           0.000     5.112    design_1_i/axi_smc/inst/sc_ul/inst/gen_axi_full_nxm.sasd_inst/gen_write.aw_addr[3]_i_6_n_0
    SLICE_X29Y98         CARRY4 (Prop_carry4_S[0]_CO[3])
                                                      0.532     5.644 r  design_1_i/axi_smc/inst/sc_ul/inst/gen_axi_full_nxm.sasd_inst/gen_write.aw_addr_reg[3]_i_3/CO[3]
                         net (fo=1, routed)           0.000     5.644    design_1_i/axi_smc/inst/sc_ul/inst/gen_axi_full_nxm.sasd_inst/gen_write.aw_addr_reg[3]_i_3_n_0
    SLICE_X29Y99         CARRY4 (Prop_carry4_CI_CO[3])
                                                      0.114     5.758 r  design_1_i/axi_smc/inst/sc_ul/inst/gen_axi_full_nxm.sasd_inst/gen_write.aw_addr_reg[7]_i_3/CO[3]
                         net (fo=1, routed)           0.001     5.759    design_1_i/axi_smc/inst/sc_ul/inst/gen_axi_full_nxm.sasd_inst/gen_write.aw_addr_reg[7]_i_3_n_0
    SLICE_X29Y100        CARRY4 (Prop_carry4_CI_O[1])
                                                      0.334     6.093 r  design_1_i/axi_smc/inst/sc_ul/inst/gen_axi_full_nxm.sasd_inst/gen_write.aw_addr_reg[8]_i_7/O[1]
                         net (fo=2, routed)           1.144     7.236    design_1_i/axi_smc/inst/sc_ul/inst/gen_axi_full_nxm.sasd_inst/next_awaddr_i[9]
    SLICE_X28Y99         LUT6 (Prop_lut6_I0_O)        0.303     7.539 r  design_1_i/axi_smc/inst/sc_ul/inst/gen_axi_full_nxm.sasd_inst/gen_write.aw_addr[0]_i_3/O
                         net (fo=1, routed)           0.000     7.539    design_1_i/axi_smc/inst/sc_ul/inst/gen_axi_full_nxm.sasd_inst/gen_write.aw_addr[0]_i_3_n_0
    SLICE_X28Y99         CARRY4 (Prop_carry4_S[3]_CO[3])
                                                      0.401     7.940 r  design_1_i/axi_smc/inst/sc_ul/inst/gen_axi_full_nxm.sasd_inst/gen_write.aw_addr_reg[0]_i_2/CO[3]
                         net (fo=3, routed)           1.033     8.974    design_1_i/axi_smc/inst/sc_ul/inst/gen_axi_full_nxm.sasd_inst/gen_write.awctrl_mux/CO[0]
    SLICE_X27Y101        LUT3 (Prop_lut3_I0_O)        0.124     9.098 r  design_1_i/axi_smc/inst/sc_ul/inst/gen_axi_full_nxm.sasd_inst/gen_write.awctrl_mux/gen_write.aw_addr[8]_i_6/O
                         net (fo=10, routed)          0.772     9.870    design_1_i/axi_smc/inst/sc_ul/inst/gen_axi_full_nxm.sasd_inst/gen_write.awctrl_mux/gen_write.aw_addr[8]_i_6_n_0
    SLICE_X28Y100        LUT5 (Prop_lut5_I3_O)        0.124     9.994 r  design_1_i/axi_smc/inst/sc_ul/inst/gen_axi_full_nxm.sasd_inst/gen_write.awctrl_mux/gen_write.aw_addr[5]_i_1/O
                         net (fo=1, routed)           0.000     9.994    design_1_i/axi_smc/inst/sc_ul/inst/gen_axi_full_nxm.sasd_inst/gen_write.awctrl_mux_n_13
    SLICE_X28Y100        FDRE                                         r  design_1_i/axi_smc/inst/sc_ul/inst/gen_axi_full_nxm.sasd_inst/gen_write.aw_addr_reg[5]/D
  -------------------------------------------------------------------    -------------------

                         (clock clk_fpga_0 rise edge)
                                                     20.000    20.000 r  <hidden>
    PS7_X0Y0             PS7                          0.000    20.000 r  design_1_i/processing_system7_0/inst/PS7_i/FCLKCLK[0]
                         net (fo=1, routed)           1.088    21.088    design_1_i/processing_system7_0/inst/FCLK_CLK_unbuffered[0]
    BUFGCTRL_X0Y16       BUFG (Prop_bufg_I_O)         0.091    21.179 r  design_1_i/processing_system7_0/inst/buffer_fclk_clk_0.FCLK_CLK_0_BUFG/O
                         net (fo=805, routed)         1.700    22.879    design_1_i/axi_smc/inst/sc_ul/inst/gen_axi_full_nxm.sasd_inst/aclk
    SLICE_X28Y100        FDRE                                         r  design_1_i/axi_smc/inst/sc_ul/inst/gen_axi_full_nxm.sasd_inst/gen_write.aw_addr_reg[5]/C
                         clock pessimism              0.282    23.161    <hidden>
                         clock uncertainty           -0.302    22.859    <hidden>
    SLICE_X28Y100        FDRE (Setup_fdre_C_D)        0.031    22.890    design_1_i/axi_smc/inst/sc_ul/inst/gen_axi_full_nxm.sasd_inst/gen_write.aw_addr_reg[5]
  -------------------------------------------------------------------
                         required time                         22.890    <hidden>
                         arrival time                          -9.994    <hidden>
  -------------------------------------------------------------------
                         slack                                 12.896    <hidden>





Min Delay Paths
--------------------------------------------------------------------------------------
Slack (MET) :             0.043ns  (arrival time - required time)
  Source:                 design_1_i/axi_smc/inst/sc_ul/inst/gen_axi_full_nxm.sasd_inst/gen_write.awaddr_mux/dout_i1_reg[8]/C
                            (rising edge-triggered cell FDRE clocked by clk_fpga_0  {rise@0.000ns fall@10.000ns period=20.000ns})
  Destination:            design_1_i/axi_smc/inst/sc_ul/inst/gen_axi_full_nxm.sasd_inst/gen_write.aw_addr_reg[8]/D
                            (rising edge-triggered cell FDRE clocked by clk_fpga_0  {rise@0.000ns fall@10.000ns period=20.000ns})
  Path Group:             clk_fpga_0
  Path Type:              Hold (Min at Fast Process Corner)
  Requirement:            0.000ns  (clk_fpga_0 rise@0.000ns - clk_fpga_0 rise@0.000ns)
  Data Path Delay:        0.486ns  (logic 0.246ns (50.586%)  route 0.240ns (49.414%))
  Logic Levels:           1  (LUT4=1)
  Clock Path Skew:        0.352ns (DCD - SCD - CPR)
    Destination Clock Delay (DCD):    1.297ns
    Source Clock Delay      (SCD):    0.910ns
    Clock Pessimism Removal (CPR):    0.035ns

    Location             Delay type                Incr(ns)  Path(ns)    Netlist Resource(s)
  -------------------------------------------------------------------    -------------------
                         (clock clk_fpga_0 rise edge)
                                                      0.000     0.000 r  <hidden>
    PS7_X0Y0             PS7                          0.000     0.000 r  design_1_i/processing_system7_0/inst/PS7_i/FCLKCLK[0]
                         net (fo=1, routed)           0.310     0.310    design_1_i/processing_system7_0/inst/FCLK_CLK_unbuffered[0]
    BUFGCTRL_X0Y16       BUFG (Prop_bufg_I_O)         0.026     0.336 r  design_1_i/processing_system7_0/inst/buffer_fclk_clk_0.FCLK_CLK_0_BUFG/O
                         net (fo=805, routed)         0.574     0.910    design_1_i/axi_smc/inst/sc_ul/inst/gen_axi_full_nxm.sasd_inst/gen_write.awaddr_mux/aclk
    SLICE_X26Y98         FDRE                                         r  design_1_i/axi_smc/inst/sc_ul/inst/gen_axi_full_nxm.sasd_inst/gen_write.awaddr_mux/dout_i1_reg[8]/C
  -------------------------------------------------------------------    -------------------
    SLICE_X26Y98         FDRE (Prop_fdre_C_Q)         0.148     1.058 r  design_1_i/axi_smc/inst/sc_ul/inst/gen_axi_full_nxm.sasd_inst/gen_write.awaddr_mux/dout_i1_reg[8]/Q
                         net (fo=3, routed)           0.240     1.298    design_1_i/axi_smc/inst/sc_ul/inst/gen_axi_full_nxm.sasd_inst/gen_write.awctrl_mux/gen_write.wrap_awaddr_limit_reg[11][8]
    SLICE_X28Y101        LUT4 (Prop_lut4_I0_O)        0.098     1.396 r  design_1_i/axi_smc/inst/sc_ul/inst/gen_axi_full_nxm.sasd_inst/gen_write.awctrl_mux/gen_write.aw_addr[8]_i_2/O
                         net (fo=1, routed)           0.000     1.396    design_1_i/axi_smc/inst/sc_ul/inst/gen_axi_full_nxm.sasd_inst/gen_write.awctrl_mux_n_10
    SLICE_X28Y101        FDRE                                         r  design_1_i/axi_smc/inst/sc_ul/inst/gen_axi_full_nxm.sasd_inst/gen_write.aw_addr_reg[8]/D
  -------------------------------------------------------------------    -------------------

                         (clock clk_fpga_0 rise edge)
                                                      0.000     0.000 r  <hidden>
    PS7_X0Y0             PS7                          0.000     0.000 r  design_1_i/processing_system7_0/inst/PS7_i/FCLKCLK[0]
                         net (fo=1, routed)           0.337     0.337    design_1_i/processing_system7_0/inst/FCLK_CLK_unbuffered[0]
    BUFGCTRL_X0Y16       BUFG (Prop_bufg_I_O)         0.029     0.366 r  design_1_i/processing_system7_0/inst/buffer_fclk_clk_0.FCLK_CLK_0_BUFG/O
                         net (fo=805, routed)         0.931     1.297    design_1_i/axi_smc/inst/sc_ul/inst/gen_axi_full_nxm.sasd_inst/aclk
    SLICE_X28Y101        FDRE                                         r  design_1_i/axi_smc/inst/sc_ul/inst/gen_axi_full_nxm.sasd_inst/gen_write.aw_addr_reg[8]/C
                         clock pessimism             -0.035     1.262    <hidden>
    SLICE_X28Y101        FDRE (Hold_fdre_C_D)         0.091     1.353    design_1_i/axi_smc/inst/sc_ul/inst/gen_axi_full_nxm.sasd_inst/gen_write.aw_addr_reg[8]
  -------------------------------------------------------------------
                         required time                         -1.353    <hidden>
                         arrival time                           1.396    <hidden>
  -------------------------------------------------------------------
                         slack                                  0.043    <hidden>

Slack (MET) :             0.055ns  (arrival time - required time)
  Source:                 design_1_i/axi_smc/inst/sc_ul/inst/gen_axi_full_nxm.sasd_inst/gen_write.awaddr_mux/dout_i1_reg[8]/C
                            (rising edge-triggered cell FDRE clocked by clk_fpga_0  {rise@0.000ns fall@10.000ns period=20.000ns})
  Destination:            design_1_i/axi_smc/inst/sc_ul/inst/gen_axi_full_nxm.sasd_inst/gen_write.wrap_awaddr_limit_reg[9]/D
                            (rising edge-triggered cell FDRE clocked by clk_fpga_0  {rise@0.000ns fall@10.000ns period=20.000ns})
  Path Group:             clk_fpga_0
  Path Type:              Hold (Min at Fast Process Corner)
  Requirement:            0.000ns  (clk_fpga_0 rise@0.000ns - clk_fpga_0 rise@0.000ns)
  Data Path Delay:        0.511ns  (logic 0.368ns (71.995%)  route 0.143ns (28.005%))
  Logic Levels:           2  (CARRY4=2)
  Clock Path Skew:        0.351ns (DCD - SCD - CPR)
    Destination Clock Delay (DCD):    1.296ns
    Source Clock Delay      (SCD):    0.910ns
    Clock Pessimism Removal (CPR):    0.035ns

    Location             Delay type                Incr(ns)  Path(ns)    Netlist Resource(s)
  -------------------------------------------------------------------    -------------------
                         (clock clk_fpga_0 rise edge)
                                                      0.000     0.000 r  <hidden>
    PS7_X0Y0             PS7                          0.000     0.000 r  design_1_i/processing_system7_0/inst/PS7_i/FCLKCLK[0]
                         net (fo=1, routed)           0.310     0.310    design_1_i/processing_system7_0/inst/FCLK_CLK_unbuffered[0]
    BUFGCTRL_X0Y16       BUFG (Prop_bufg_I_O)         0.026     0.336 r  design_1_i/processing_system7_0/inst/buffer_fclk_clk_0.FCLK_CLK_0_BUFG/O
                         net (fo=805, routed)         0.574     0.910    design_1_i/axi_smc/inst/sc_ul/inst/gen_axi_full_nxm.sasd_inst/gen_write.awaddr_mux/aclk
    SLICE_X26Y98         FDRE                                         r  design_1_i/axi_smc/inst/sc_ul/inst/gen_axi_full_nxm.sasd_inst/gen_write.awaddr_mux/dout_i1_reg[8]/C
  -------------------------------------------------------------------    -------------------
    SLICE_X26Y98         FDRE (Prop_fdre_C_Q)         0.148     1.058 r  design_1_i/axi_smc/inst/sc_ul/inst/gen_axi_full_nxm.sasd_inst/gen_write.awaddr_mux/dout_i1_reg[8]/Q
                         net (fo=3, routed)           0.142     1.200    design_1_i/axi_smc/inst/sc_ul/inst/gen_axi_full_nxm.sasd_inst/gen_write.awctrl_mux/gen_write.wrap_awaddr_limit_reg[11][8]
    SLICE_X27Y99         CARRY4 (Prop_carry4_DI[3]_CO[3])
                                                      0.166     1.366 r  design_1_i/axi_smc/inst/sc_ul/inst/gen_axi_full_nxm.sasd_inst/gen_write.awctrl_mux/gen_write.wrap_awaddr_limit_reg[8]_i_1/CO[3]
                         net (fo=1, routed)           0.001     1.367    design_1_i/axi_smc/inst/sc_ul/inst/gen_axi_full_nxm.sasd_inst/gen_write.awctrl_mux/gen_write.wrap_awaddr_limit_reg[8]_i_1_n_0
    SLICE_X27Y100        CARRY4 (Prop_carry4_CI_O[0])
                                                      0.054     1.421 r  design_1_i/axi_smc/inst/sc_ul/inst/gen_axi_full_nxm.sasd_inst/gen_write.awctrl_mux/gen_write.wrap_awaddr_limit_reg[11]_i_1/O[0]
                         net (fo=1, routed)           0.000     1.421    design_1_i/axi_smc/inst/sc_ul/inst/gen_axi_full_nxm.sasd_inst/gen_write.awctrl_mux_n_31
    SLICE_X27Y100        FDRE                                         r  design_1_i/axi_smc/inst/sc_ul/inst/gen_axi_full_nxm.sasd_inst/gen_write.wrap_awaddr_limit_reg[9]/D
  -------------------------------------------------------------------    -------------------

                         (clock clk_fpga_0 rise edge)
                                                      0.000     0.000 r  <hidden>
    PS7_X0Y0             PS7                          0.000     0.000 r  design_1_i/processing_system7_0/inst/PS7_i/FCLKCLK[0]
                         net (fo=1, routed)           0.337     0.337    design_1_i/processing_system7_0/inst/FCLK_CLK_unbuffered[0]
    BUFGCTRL_X0Y16       BUFG (Prop_bufg_I_O)         0.029     0.366 r  design_1_i/processing_system7_0/inst/buffer_fclk_clk_0.FCLK_CLK_0_BUFG/O
                         net (fo=805, routed)         0.930     1.296    design_1_i/axi_smc/inst/sc_ul/inst/gen_axi_full_nxm.sasd_inst/aclk
    SLICE_X27Y100        FDRE                                         r  design_1_i/axi_smc/inst/sc_ul/inst/gen_axi_full_nxm.sasd_inst/gen_write.wrap_awaddr_limit_reg[9]/C
                         clock pessimism             -0.035     1.261    <hidden>
    SLICE_X27Y100        FDRE (Hold_fdre_C_D)         0.105     1.366    design_1_i/axi_smc/inst/sc_ul/inst/gen_axi_full_nxm.sasd_inst/gen_write.wrap_awaddr_limit_reg[9]
  -------------------------------------------------------------------
                         required time                         -1.366    <hidden>
                         arrival time                           1.421    <hidden>
  -------------------------------------------------------------------
                         slack                                  0.055    <hidden>

Slack (MET) :             0.062ns  (arrival time - required time)
  Source:                 design_1_i/axi_smc/inst/sc_ul/inst/gen_axi_full_nxm.sasd_inst/gen_write.awaddr_mux/dout_i1_reg[9]/C
                            (rising edge-triggered cell FDRE clocked by clk_fpga_0  {rise@0.000ns fall@10.000ns period=20.000ns})
  Destination:            design_1_i/axi_smc/inst/sc_ul/inst/gen_axi_full_nxm.sasd_inst/gen_write.wrap_awaddr_limit_reg[10]/D
                            (rising edge-triggered cell FDRE clocked by clk_fpga_0  {rise@0.000ns fall@10.000ns period=20.000ns})
  Path Group:             clk_fpga_0
  Path Type:              Hold (Min at Fast Process Corner)
  Requirement:            0.000ns  (clk_fpga_0 rise@0.000ns - clk_fpga_0 rise@0.000ns)
  Data Path Delay:        0.518ns  (logic 0.325ns (62.740%)  route 0.193ns (37.260%))
  Logic Levels:           1  (CARRY4=1)
  Clock Path Skew:        0.351ns (DCD - SCD - CPR)
    Destination Clock Delay (DCD):    1.296ns
    Source Clock Delay      (SCD):    0.910ns
    Clock Pessimism Removal (CPR):    0.035ns

    Location             Delay type                Incr(ns)  Path(ns)    Netlist Resource(s)
  -------------------------------------------------------------------    -------------------
                         (clock clk_fpga_0 rise edge)
                                                      0.000     0.000 r  <hidden>
    PS7_X0Y0             PS7                          0.000     0.000 r  design_1_i/processing_system7_0/inst/PS7_i/FCLKCLK[0]
                         net (fo=1, routed)           0.310     0.310    design_1_i/processing_system7_0/inst/FCLK_CLK_unbuffered[0]
    BUFGCTRL_X0Y16       BUFG (Prop_bufg_I_O)         0.026     0.336 r  design_1_i/processing_system7_0/inst/buffer_fclk_clk_0.FCLK_CLK_0_BUFG/O
                         net (fo=805, routed)         0.574     0.910    design_1_i/axi_smc/inst/sc_ul/inst/gen_axi_full_nxm.sasd_inst/gen_write.awaddr_mux/aclk
    SLICE_X26Y98         FDRE                                         r  design_1_i/axi_smc/inst/sc_ul/inst/gen_axi_full_nxm.sasd_inst/gen_write.awaddr_mux/dout_i1_reg[9]/C
  -------------------------------------------------------------------    -------------------
    SLICE_X26Y98         FDRE (Prop_fdre_C_Q)         0.148     1.058 r  design_1_i/axi_smc/inst/sc_ul/inst/gen_axi_full_nxm.sasd_inst/gen_write.awaddr_mux/dout_i1_reg[9]/Q
                         net (fo=3, routed)           0.193     1.251    design_1_i/axi_smc/inst/sc_ul/inst/gen_axi_full_nxm.sasd_inst/gen_write.awctrl_mux/gen_write.wrap_awaddr_limit_reg[11][9]
    SLICE_X27Y100        CARRY4 (Prop_carry4_DI[0]_O[1])
                                                      0.177     1.428 r  design_1_i/axi_smc/inst/sc_ul/inst/gen_axi_full_nxm.sasd_inst/gen_write.awctrl_mux/gen_write.wrap_awaddr_limit_reg[11]_i_1/O[1]
                         net (fo=1, routed)           0.000     1.428    design_1_i/axi_smc/inst/sc_ul/inst/gen_axi_full_nxm.sasd_inst/gen_write.awctrl_mux_n_30
    SLICE_X27Y100        FDRE                                         r  design_1_i/axi_smc/inst/sc_ul/inst/gen_axi_full_nxm.sasd_inst/gen_write.wrap_awaddr_limit_reg[10]/D
  -------------------------------------------------------------------    -------------------

                         (clock clk_fpga_0 rise edge)
                                                      0.000     0.000 r  <hidden>
    PS7_X0Y0             PS7                          0.000     0.000 r  design_1_i/processing_system7_0/inst/PS7_i/FCLKCLK[0]
                         net (fo=1, routed)           0.337     0.337    design_1_i/processing_system7_0/inst/FCLK_CLK_unbuffered[0]
    BUFGCTRL_X0Y16       BUFG (Prop_bufg_I_O)         0.029     0.366 r  design_1_i/processing_system7_0/inst/buffer_fclk_clk_0.FCLK_CLK_0_BUFG/O
                         net (fo=805, routed)         0.930     1.296    design_1_i/axi_smc/inst/sc_ul/inst/gen_axi_full_nxm.sasd_inst/aclk
    SLICE_X27Y100        FDRE                                         r  design_1_i/axi_smc/inst/sc_ul/inst/gen_axi_full_nxm.sasd_inst/gen_write.wrap_awaddr_limit_reg[10]/C
                         clock pessimism             -0.035     1.261    <hidden>
    SLICE_X27Y100        FDRE (Hold_fdre_C_D)         0.105     1.366    design_1_i/axi_smc/inst/sc_ul/inst/gen_axi_full_nxm.sasd_inst/gen_write.wrap_awaddr_limit_reg[10]
  -------------------------------------------------------------------
                         required time                         -1.366    <hidden>
                         arrival time                           1.428    <hidden>
  -------------------------------------------------------------------
                         slack                                  0.062    <hidden>

Slack (MET) :             0.064ns  (arrival time - required time)
  Source:                 design_1_i/axi_smc/inst/sc_ul/inst/gen_axi_full_nxm.sasd_inst/gen_write.awaddr_mux/dout_i1_reg[11]/C
                            (rising edge-triggered cell FDRE clocked by clk_fpga_0  {rise@0.000ns fall@10.000ns period=20.000ns})
  Destination:            design_1_i/axi_smc/inst/sc_ul/inst/gen_axi_full_nxm.sasd_inst/gen_write.wrap_awaddr_limit_reg[11]/D
                            (rising edge-triggered cell FDRE clocked by clk_fpga_0  {rise@0.000ns fall@10.000ns period=20.000ns})
  Path Group:             clk_fpga_0
  Path Type:              Hold (Min at Fast Process Corner)
  Requirement:            0.000ns  (clk_fpga_0 rise@0.000ns - clk_fpga_0 rise@0.000ns)
  Data Path Delay:        0.521ns  (logic 0.275ns (52.818%)  route 0.246ns (47.182%))
  Logic Levels:           1  (CARRY4=1)
  Clock Path Skew:        0.351ns (DCD - SCD - CPR)
    Destination Clock Delay (DCD):    1.296ns
    Source Clock Delay      (SCD):    0.910ns
    Clock Pessimism Removal (CPR):    0.035ns

    Location             Delay type                Incr(ns)  Path(ns)    Netlist Resource(s)
  -------------------------------------------------------------------    -------------------
                         (clock clk_fpga_0 rise edge)
                                                      0.000     0.000 r  <hidden>
    PS7_X0Y0             PS7                          0.000     0.000 r  design_1_i/processing_system7_0/inst/PS7_i/FCLKCLK[0]
                         net (fo=1, routed)           0.310     0.310    design_1_i/processing_system7_0/inst/FCLK_CLK_unbuffered[0]
    BUFGCTRL_X0Y16       BUFG (Prop_bufg_I_O)         0.026     0.336 r  design_1_i/processing_system7_0/inst/buffer_fclk_clk_0.FCLK_CLK_0_BUFG/O
                         net (fo=805, routed)         0.574     0.910    design_1_i/axi_smc/inst/sc_ul/inst/gen_axi_full_nxm.sasd_inst/gen_write.awaddr_mux/aclk
    SLICE_X26Y97         FDRE                                         r  design_1_i/axi_smc/inst/sc_ul/inst/gen_axi_full_nxm.sasd_inst/gen_write.awaddr_mux/dout_i1_reg[11]/C
  -------------------------------------------------------------------    -------------------
    SLICE_X26Y97         FDRE (Prop_fdre_C_Q)         0.164     1.074 r  design_1_i/axi_smc/inst/sc_ul/inst/gen_axi_full_nxm.sasd_inst/gen_write.awaddr_mux/dout_i1_reg[11]/Q
                         net (fo=2, routed)           0.246     1.319    design_1_i/axi_smc/inst/sc_ul/inst/gen_axi_full_nxm.sasd_inst/gen_write.awctrl_mux/gen_write.wrap_awaddr_limit_reg[11][11]
    SLICE_X27Y100        CARRY4 (Prop_carry4_S[2]_O[2])
                                                      0.111     1.430 r  design_1_i/axi_smc/inst/sc_ul/inst/gen_axi_full_nxm.sasd_inst/gen_write.awctrl_mux/gen_write.wrap_awaddr_limit_reg[11]_i_1/O[2]
                         net (fo=1, routed)           0.000     1.430    design_1_i/axi_smc/inst/sc_ul/inst/gen_axi_full_nxm.sasd_inst/gen_write.awctrl_mux_n_29
    SLICE_X27Y100        FDRE                                         r  design_1_i/axi_smc/inst/sc_ul/inst/gen_axi_full_nxm.sasd_inst/gen_write.wrap_awaddr_limit_reg[11]/D
  -------------------------------------------------------------------    -------------------

                         (clock clk_fpga_0 rise edge)
                                                      0.000     0.000 r  <hidden>
    PS7_X0Y0             PS7                          0.000     0.000 r  design_1_i/processing_system7_0/inst/PS7_i/FCLKCLK[0]
                         net (fo=1, routed)           0.337     0.337    design_1_i/processing_system7_0/inst/FCLK_CLK_unbuffered[0]
    BUFGCTRL_X0Y16       BUFG (Prop_bufg_I_O)         0.029     0.366 r  design_1_i/processing_system7_0/inst/buffer_fclk_clk_0.FCLK_CLK_0_BUFG/O
                         net (fo=805, routed)         0.930     1.296    design_1_i/axi_smc/inst/sc_ul/inst/gen_axi_full_nxm.sasd_inst/aclk
    SLICE_X27Y100        FDRE                                         r  design_1_i/axi_smc/inst/sc_ul/inst/gen_axi_full_nxm.sasd_inst/gen_write.wrap_awaddr_limit_reg[11]/C
                         clock pessimism             -0.035     1.261    <hidden>
    SLICE_X27Y100        FDRE (Hold_fdre_C_D)         0.105     1.366    design_1_i/axi_smc/inst/sc_ul/inst/gen_axi_full_nxm.sasd_inst/gen_write.wrap_awaddr_limit_reg[11]
  -------------------------------------------------------------------
                         required time                         -1.366    <hidden>
                         arrival time                           1.430    <hidden>
  -------------------------------------------------------------------
                         slack                                  0.064    <hidden>

Slack (MET) :             0.069ns  (arrival time - required time)
  Source:                 design_1_i/axi_smc/inst/sc_ul/inst/gen_axi_full_nxm.sasd_inst/gen_write.s_bid_reg[10]/C
                            (rising edge-triggered cell FDRE clocked by clk_fpga_0  {rise@0.000ns fall@10.000ns period=20.000ns})
  Destination:            design_1_i/processing_system7_0/inst/PS7_i/MAXIGP0BID[10]
                            (rising edge-triggered cell PS7 clocked by clk_fpga_0  {rise@0.000ns fall@10.000ns period=20.000ns})
  Path Group:             clk_fpga_0
  Path Type:              Hold (Min at Fast Process Corner)
  Requirement:            0.000ns  (clk_fpga_0 rise@0.000ns - clk_fpga_0 rise@0.000ns)
  Data Path Delay:        0.293ns  (logic 0.164ns (56.013%)  route 0.129ns (43.987%))
  Logic Levels:           0  
  Clock Path Skew:        0.224ns (DCD - SCD - CPR)
    Destination Clock Delay (DCD):    1.251ns
    Source Clock Delay      (SCD):    0.992ns
    Clock Pessimism Removal (CPR):    0.035ns

    Location             Delay type                Incr(ns)  Path(ns)    Netlist Resource(s)
  -------------------------------------------------------------------    -------------------
                         (clock clk_fpga_0 rise edge)
                                                      0.000     0.000 r  <hidden>
    PS7_X0Y0             PS7                          0.000     0.000 r  design_1_i/processing_system7_0/inst/PS7_i/FCLKCLK[0]
                         net (fo=1, routed)           0.310     0.310    design_1_i/processing_system7_0/inst/FCLK_CLK_unbuffered[0]
    BUFGCTRL_X0Y16       BUFG (Prop_bufg_I_O)         0.026     0.336 r  design_1_i/processing_system7_0/inst/buffer_fclk_clk_0.FCLK_CLK_0_BUFG/O
                         net (fo=805, routed)         0.656     0.992    design_1_i/axi_smc/inst/sc_ul/inst/gen_axi_full_nxm.sasd_inst/aclk
    SLICE_X26Y100        FDRE                                         r  design_1_i/axi_smc/inst/sc_ul/inst/gen_axi_full_nxm.sasd_inst/gen_write.s_bid_reg[10]/C
  -------------------------------------------------------------------    -------------------
    SLICE_X26Y100        FDRE (Prop_fdre_C_Q)         0.164     1.156 r  design_1_i/axi_smc/inst/sc_ul/inst/gen_axi_full_nxm.sasd_inst/gen_write.s_bid_reg[10]/Q
                         net (fo=1, routed)           0.129     1.285    design_1_i/processing_system7_0/inst/M_AXI_GP0_BID[10]
    PS7_X0Y0             PS7                                          r  design_1_i/processing_system7_0/inst/PS7_i/MAXIGP0BID[10]
  -------------------------------------------------------------------    -------------------

                         (clock clk_fpga_0 rise edge)
                                                      0.000     0.000 r  <hidden>
    PS7_X0Y0             PS7                          0.000     0.000 r  design_1_i/processing_system7_0/inst/PS7_i/FCLKCLK[0]
                         net (fo=1, routed)           0.337     0.337    design_1_i/processing_system7_0/inst/FCLK_CLK_unbuffered[0]
    BUFGCTRL_X0Y16       BUFG (Prop_bufg_I_O)         0.029     0.366 r  design_1_i/processing_system7_0/inst/buffer_fclk_clk_0.FCLK_CLK_0_BUFG/O
                         net (fo=805, routed)         0.885     1.251    design_1_i/processing_system7_0/inst/M_AXI_GP0_ACLK
    PS7_X0Y0             PS7                                          r  design_1_i/processing_system7_0/inst/PS7_i/MAXIGP0ACLK
                         clock pessimism             -0.035     1.216    <hidden>
    PS7_X0Y0             PS7 (Hold_ps7_MAXIGP0ACLK_MAXIGP0BID[10])
                                                      0.000     1.216    design_1_i/processing_system7_0/inst/PS7_i
  -------------------------------------------------------------------
                         required time                         -1.216    <hidden>
                         arrival time                           1.285    <hidden>
  -------------------------------------------------------------------
                         slack                                  0.069    <hidden>

Slack (MET) :             0.090ns  (arrival time - required time)
  Source:                 design_1_i/axi_smc/inst/sc_ul/inst/gen_axi_full_nxm.sasd_inst/gen_write.awaddr_mux/dout_i1_reg[7]/C
                            (rising edge-triggered cell FDRE clocked by clk_fpga_0  {rise@0.000ns fall@10.000ns period=20.000ns})
  Destination:            design_1_i/axi_smc/inst/sc_ul/inst/gen_axi_full_nxm.sasd_inst/gen_write.aw_addr_reg[7]/D
                            (rising edge-triggered cell FDRE clocked by clk_fpga_0  {rise@0.000ns fall@10.000ns period=20.000ns})
  Path Group:             clk_fpga_0
  Path Type:              Hold (Min at Fast Process Corner)
  Requirement:            0.000ns  (clk_fpga_0 rise@0.000ns - clk_fpga_0 rise@0.000ns)
  Data Path Delay:        0.534ns  (logic 0.247ns (46.263%)  route 0.287ns (53.737%))
  Logic Levels:           1  (LUT4=1)
  Clock Path Skew:        0.352ns (DCD - SCD - CPR)
    Destination Clock Delay (DCD):    1.297ns
    Source Clock Delay      (SCD):    0.910ns
    Clock Pessimism Removal (CPR):    0.035ns

    Location             Delay type                Incr(ns)  Path(ns)    Netlist Resource(s)
  -------------------------------------------------------------------    -------------------
                         (clock clk_fpga_0 rise edge)
                                                      0.000     0.000 r  <hidden>
    PS7_X0Y0             PS7                          0.000     0.000 r  design_1_i/processing_system7_0/inst/PS7_i/FCLKCLK[0]
                         net (fo=1, routed)           0.310     0.310    design_1_i/processing_system7_0/inst/FCLK_CLK_unbuffered[0]
    BUFGCTRL_X0Y16       BUFG (Prop_bufg_I_O)         0.026     0.336 r  design_1_i/processing_system7_0/inst/buffer_fclk_clk_0.FCLK_CLK_0_BUFG/O
                         net (fo=805, routed)         0.574     0.910    design_1_i/axi_smc/inst/sc_ul/inst/gen_axi_full_nxm.sasd_inst/gen_write.awaddr_mux/aclk
    SLICE_X26Y98         FDRE                                         r  design_1_i/axi_smc/inst/sc_ul/inst/gen_axi_full_nxm.sasd_inst/gen_write.awaddr_mux/dout_i1_reg[7]/C
  -------------------------------------------------------------------    -------------------
    SLICE_X26Y98         FDRE (Prop_fdre_C_Q)         0.148     1.058 r  design_1_i/axi_smc/inst/sc_ul/inst/gen_axi_full_nxm.sasd_inst/gen_write.awaddr_mux/dout_i1_reg[7]/Q
                         net (fo=3, routed)           0.287     1.345    design_1_i/axi_smc/inst/sc_ul/inst/gen_axi_full_nxm.sasd_inst/gen_write.awctrl_mux/gen_write.wrap_awaddr_limit_reg[11][7]
    SLICE_X28Y100        LUT4 (Prop_lut4_I0_O)        0.099     1.444 r  design_1_i/axi_smc/inst/sc_ul/inst/gen_axi_full_nxm.sasd_inst/gen_write.awctrl_mux/gen_write.aw_addr[7]_i_1/O
                         net (fo=1, routed)           0.000     1.444    design_1_i/axi_smc/inst/sc_ul/inst/gen_axi_full_nxm.sasd_inst/gen_write.awctrl_mux_n_11
    SLICE_X28Y100        FDRE                                         r  design_1_i/axi_smc/inst/sc_ul/inst/gen_axi_full_nxm.sasd_inst/gen_write.aw_addr_reg[7]/D
  -------------------------------------------------------------------    -------------------

                         (clock clk_fpga_0 rise edge)
                                                      0.000     0.000 r  <hidden>
    PS7_X0Y0             PS7                          0.000     0.000 r  design_1_i/processing_system7_0/inst/PS7_i/FCLKCLK[0]
                         net (fo=1, routed)           0.337     0.337    design_1_i/processing_system7_0/inst/FCLK_CLK_unbuffered[0]
    BUFGCTRL_X0Y16       BUFG (Prop_bufg_I_O)         0.029     0.366 r  design_1_i/processing_system7_0/inst/buffer_fclk_clk_0.FCLK_CLK_0_BUFG/O
                         net (fo=805, routed)         0.931     1.297    design_1_i/axi_smc/inst/sc_ul/inst/gen_axi_full_nxm.sasd_inst/aclk
    SLICE_X28Y100        FDRE                                         r  design_1_i/axi_smc/inst/sc_ul/inst/gen_axi_full_nxm.sasd_inst/gen_write.aw_addr_reg[7]/C
                         clock pessimism             -0.035     1.262    <hidden>
    SLICE_X28Y100        FDRE (Hold_fdre_C_D)         0.092     1.354    design_1_i/axi_smc/inst/sc_ul/inst/gen_axi_full_nxm.sasd_inst/gen_write.aw_addr_reg[7]
  -------------------------------------------------------------------
                         required time                         -1.354    <hidden>
                         arrival time                           1.444    <hidden>
  -------------------------------------------------------------------
                         slack                                  0.090    <hidden>

Slack (MET) :             0.122ns  (arrival time - required time)
  Source:                 design_1_i/rst_ps7_0_50M/U0/EXT_LPF/ACTIVE_LOW_AUX.ACT_LO_AUX/syncstages_ff_reg[0]/C
                            (rising edge-triggered cell FDRE clocked by clk_fpga_0  {rise@0.000ns fall@10.000ns period=20.000ns})
  Destination:            design_1_i/rst_ps7_0_50M/U0/EXT_LPF/ACTIVE_LOW_AUX.ACT_LO_AUX/syncstages_ff_reg[1]/D
                            (rising edge-triggered cell FDRE clocked by clk_fpga_0  {rise@0.000ns fall@10.000ns period=20.000ns})
  Path Group:             clk_fpga_0
  Path Type:              Hold (Min at Fast Process Corner)
  Requirement:            0.000ns  (clk_fpga_0 rise@0.000ns - clk_fpga_0 rise@0.000ns)
  Data Path Delay:        0.197ns  (logic 0.141ns (71.611%)  route 0.056ns (28.389%))
  Logic Levels:           0  
  Clock Path Skew:        0.000ns (DCD - SCD - CPR)
    Destination Clock Delay (DCD):    1.275ns
    Source Clock Delay      (SCD):    0.974ns
    Clock Pessimism Removal (CPR):    0.301ns

    Location             Delay type                Incr(ns)  Path(ns)    Netlist Resource(s)
  -------------------------------------------------------------------    -------------------
                         (clock clk_fpga_0 rise edge)
                                                      0.000     0.000 r  <hidden>
    PS7_X0Y0             PS7                          0.000     0.000 r  design_1_i/processing_system7_0/inst/PS7_i/FCLKCLK[0]
                         net (fo=1, routed)           0.310     0.310    design_1_i/processing_system7_0/inst/FCLK_CLK_unbuffered[0]
    BUFGCTRL_X0Y16       BUFG (Prop_bufg_I_O)         0.026     0.336 r  design_1_i/processing_system7_0/inst/buffer_fclk_clk_0.FCLK_CLK_0_BUFG/O
                         net (fo=805, routed)         0.638     0.974    design_1_i/rst_ps7_0_50M/U0/EXT_LPF/ACTIVE_LOW_AUX.ACT_LO_AUX/dest_clk
    SLICE_X35Y110        FDRE                                         r  design_1_i/rst_ps7_0_50M/U0/EXT_LPF/ACTIVE_LOW_AUX.ACT_LO_AUX/syncstages_ff_reg[0]/C
  -------------------------------------------------------------------    -------------------
    SLICE_X35Y110        FDRE (Prop_fdre_C_Q)         0.141     1.115 r  design_1_i/rst_ps7_0_50M/U0/EXT_LPF/ACTIVE_LOW_AUX.ACT_LO_AUX/syncstages_ff_reg[0]/Q
                         net (fo=1, routed)           0.056     1.171    design_1_i/rst_ps7_0_50M/U0/EXT_LPF/ACTIVE_LOW_AUX.ACT_LO_AUX/syncstages_ff[0]
    SLICE_X35Y110        FDRE                                         r  design_1_i/rst_ps7_0_50M/U0/EXT_LPF/ACTIVE_LOW_AUX.ACT_LO_AUX/syncstages_ff_reg[1]/D
  -------------------------------------------------------------------    -------------------

                         (clock clk_fpga_0 rise edge)
                                                      0.000     0.000 r  <hidden>
    PS7_X0Y0             PS7                          0.000     0.000 r  design_1_i/processing_system7_0/inst/PS7_i/FCLKCLK[0]
                         net (fo=1, routed)           0.337     0.337    design_1_i/processing_system7_0/inst/FCLK_CLK_unbuffered[0]
    BUFGCTRL_X0Y16       BUFG (Prop_bufg_I_O)         0.029     0.366 r  design_1_i/processing_system7_0/inst/buffer_fclk_clk_0.FCLK_CLK_0_BUFG/O
                         net (fo=805, routed)         0.909     1.275    design_1_i/rst_ps7_0_50M/U0/EXT_LPF/ACTIVE_LOW_AUX.ACT_LO_AUX/dest_clk
    SLICE_X35Y110        FDRE                                         r  design_1_i/rst_ps7_0_50M/U0/EXT_LPF/ACTIVE_LOW_AUX.ACT_LO_AUX/syncstages_ff_reg[1]/C
                         clock pessimism             -0.301     0.974    <hidden>
    SLICE_X35Y110        FDRE (Hold_fdre_C_D)         0.075     1.049    design_1_i/rst_ps7_0_50M/U0/EXT_LPF/ACTIVE_LOW_AUX.ACT_LO_AUX/syncstages_ff_reg[1]
  -------------------------------------------------------------------
                         required time                         -1.049    <hidden>
                         arrival time                           1.171    <hidden>
  -------------------------------------------------------------------
                         slack                                  0.122    <hidden>

Slack (MET) :             0.122ns  (arrival time - required time)
  Source:                 design_1_i/rst_ps7_0_50M/U0/EXT_LPF/ACTIVE_LOW_EXT.ACT_LO_EXT/syncstages_ff_reg[0]/C
                            (rising edge-triggered cell FDRE clocked by clk_fpga_0  {rise@0.000ns fall@10.000ns period=20.000ns})
  Destination:            design_1_i/rst_ps7_0_50M/U0/EXT_LPF/ACTIVE_LOW_EXT.ACT_LO_EXT/syncstages_ff_reg[1]/D
                            (rising edge-triggered cell FDRE clocked by clk_fpga_0  {rise@0.000ns fall@10.000ns period=20.000ns})
  Path Group:             clk_fpga_0
  Path Type:              Hold (Min at Fast Process Corner)
  Requirement:            0.000ns  (clk_fpga_0 rise@0.000ns - clk_fpga_0 rise@0.000ns)
  Data Path Delay:        0.197ns  (logic 0.141ns (71.611%)  route 0.056ns (28.389%))
  Logic Levels:           0  
  Clock Path Skew:        0.000ns (DCD - SCD - CPR)
    Destination Clock Delay (DCD):    1.276ns
    Source Clock Delay      (SCD):    0.975ns
    Clock Pessimism Removal (CPR):    0.301ns

    Location             Delay type                Incr(ns)  Path(ns)    Netlist Resource(s)
  -------------------------------------------------------------------    -------------------
                         (clock clk_fpga_0 rise edge)
                                                      0.000     0.000 r  <hidden>
    PS7_X0Y0             PS7                          0.000     0.000 r  design_1_i/processing_system7_0/inst/PS7_i/FCLKCLK[0]
                         net (fo=1, routed)           0.310     0.310    design_1_i/processing_system7_0/inst/FCLK_CLK_unbuffered[0]
    BUFGCTRL_X0Y16       BUFG (Prop_bufg_I_O)         0.026     0.336 r  design_1_i/processing_system7_0/inst/buffer_fclk_clk_0.FCLK_CLK_0_BUFG/O
                         net (fo=805, routed)         0.639     0.975    design_1_i/rst_ps7_0_50M/U0/EXT_LPF/ACTIVE_LOW_EXT.ACT_LO_EXT/dest_clk
    SLICE_X33Y109        FDRE                                         r  design_1_i/rst_ps7_0_50M/U0/EXT_LPF/ACTIVE_LOW_EXT.ACT_LO_EXT/syncstages_ff_reg[0]/C
  -------------------------------------------------------------------    -------------------
    SLICE_X33Y109        FDRE (Prop_fdre_C_Q)         0.141     1.116 r  design_1_i/rst_ps7_0_50M/U0/EXT_LPF/ACTIVE_LOW_EXT.ACT_LO_EXT/syncstages_ff_reg[0]/Q
                         net (fo=1, routed)           0.056     1.172    design_1_i/rst_ps7_0_50M/U0/EXT_LPF/ACTIVE_LOW_EXT.ACT_LO_EXT/syncstages_ff[0]
    SLICE_X33Y109        FDRE                                         r  design_1_i/rst_ps7_0_50M/U0/EXT_LPF/ACTIVE_LOW_EXT.ACT_LO_EXT/syncstages_ff_reg[1]/D
  -------------------------------------------------------------------    -------------------

                         (clock clk_fpga_0 rise edge)
                                                      0.000     0.000 r  <hidden>
    PS7_X0Y0             PS7                          0.000     0.000 r  design_1_i/processing_system7_0/inst/PS7_i/FCLKCLK[0]
                         net (fo=1, routed)           0.337     0.337    design_1_i/processing_system7_0/inst/FCLK_CLK_unbuffered[0]
    BUFGCTRL_X0Y16       BUFG (Prop_bufg_I_O)         0.029     0.366 r  design_1_i/processing_system7_0/inst/buffer_fclk_clk_0.FCLK_CLK_0_BUFG/O
                         net (fo=805, routed)         0.910     1.276    design_1_i/rst_ps7_0_50M/U0/EXT_LPF/ACTIVE_LOW_EXT.ACT_LO_EXT/dest_clk
    SLICE_X33Y109        FDRE                                         r  design_1_i/rst_ps7_0_50M/U0/EXT_LPF/ACTIVE_LOW_EXT.ACT_LO_EXT/syncstages_ff_reg[1]/C
                         clock pessimism             -0.301     0.975    <hidden>
    SLICE_X33Y109        FDRE (Hold_fdre_C_D)         0.075     1.050    design_1_i/rst_ps7_0_50M/U0/EXT_LPF/ACTIVE_LOW_EXT.ACT_LO_EXT/syncstages_ff_reg[1]
  -------------------------------------------------------------------
                         required time                         -1.050    <hidden>
                         arrival time                           1.172    <hidden>
  -------------------------------------------------------------------
                         slack                                  0.122    <hidden>

Slack (MET) :             0.122ns  (arrival time - required time)
  Source:                 design_1_i/axi_gpio_0/U0/gpio_core_1/Dual.INPUT_DOUBLE_REGS5/syncstages_ff_reg[0][0]/C
                            (rising edge-triggered cell FDRE clocked by clk_fpga_0  {rise@0.000ns fall@10.000ns period=20.000ns})
  Destination:            design_1_i/axi_gpio_0/U0/gpio_core_1/Dual.INPUT_DOUBLE_REGS5/syncstages_ff_reg[1][0]/D
                            (rising edge-triggered cell FDRE clocked by clk_fpga_0  {rise@0.000ns fall@10.000ns period=20.000ns})
  Path Group:             clk_fpga_0
  Path Type:              Hold (Min at Fast Process Corner)
  Requirement:            0.000ns  (clk_fpga_0 rise@0.000ns - clk_fpga_0 rise@0.000ns)
  Data Path Delay:        0.197ns  (logic 0.141ns (71.611%)  route 0.056ns (28.389%))
  Logic Levels:           0  
  Clock Path Skew:        0.000ns (DCD - SCD - CPR)
    Destination Clock Delay (DCD):    1.191ns
    Source Clock Delay      (SCD):    0.892ns
    Clock Pessimism Removal (CPR):    0.299ns

    Location             Delay type                Incr(ns)  Path(ns)    Netlist Resource(s)
  -------------------------------------------------------------------    -------------------
                         (clock clk_fpga_0 rise edge)
                                                      0.000     0.000 r  <hidden>
    PS7_X0Y0             PS7                          0.000     0.000 r  design_1_i/processing_system7_0/inst/PS7_i/FCLKCLK[0]
                         net (fo=1, routed)           0.310     0.310    design_1_i/processing_system7_0/inst/FCLK_CLK_unbuffered[0]
    BUFGCTRL_X0Y16       BUFG (Prop_bufg_I_O)         0.026     0.336 r  design_1_i/processing_system7_0/inst/buffer_fclk_clk_0.FCLK_CLK_0_BUFG/O
                         net (fo=805, routed)         0.556     0.892    design_1_i/axi_gpio_0/U0/gpio_core_1/Dual.INPUT_DOUBLE_REGS5/dest_clk
    SLICE_X49Y99         FDRE                                         r  design_1_i/axi_gpio_0/U0/gpio_core_1/Dual.INPUT_DOUBLE_REGS5/syncstages_ff_reg[0][0]/C
  -------------------------------------------------------------------    -------------------
    SLICE_X49Y99         FDRE (Prop_fdre_C_Q)         0.141     1.033 r  design_1_i/axi_gpio_0/U0/gpio_core_1/Dual.INPUT_DOUBLE_REGS5/syncstages_ff_reg[0][0]/Q
                         net (fo=1, routed)           0.056     1.088    design_1_i/axi_gpio_0/U0/gpio_core_1/Dual.INPUT_DOUBLE_REGS5/syncstages_ff[0][0]
    SLICE_X49Y99         FDRE                                         r  design_1_i/axi_gpio_0/U0/gpio_core_1/Dual.INPUT_DOUBLE_REGS5/syncstages_ff_reg[1][0]/D
  -------------------------------------------------------------------    -------------------

                         (clock clk_fpga_0 rise edge)
                                                      0.000     0.000 r  <hidden>
    PS7_X0Y0             PS7                          0.000     0.000 r  design_1_i/processing_system7_0/inst/PS7_i/FCLKCLK[0]
                         net (fo=1, routed)           0.337     0.337    design_1_i/processing_system7_0/inst/FCLK_CLK_unbuffered[0]
    BUFGCTRL_X0Y16       BUFG (Prop_bufg_I_O)         0.029     0.366 r  design_1_i/processing_system7_0/inst/buffer_fclk_clk_0.FCLK_CLK_0_BUFG/O
                         net (fo=805, routed)         0.825     1.191    design_1_i/axi_gpio_0/U0/gpio_core_1/Dual.INPUT_DOUBLE_REGS5/dest_clk
    SLICE_X49Y99         FDRE                                         r  design_1_i/axi_gpio_0/U0/gpio_core_1/Dual.INPUT_DOUBLE_REGS5/syncstages_ff_reg[1][0]/C
                         clock pessimism             -0.299     0.892    <hidden>
    SLICE_X49Y99         FDRE (Hold_fdre_C_D)         0.075     0.967    design_1_i/axi_gpio_0/U0/gpio_core_1/Dual.INPUT_DOUBLE_REGS5/syncstages_ff_reg[1][0]
  -------------------------------------------------------------------
                         required time                         -0.967    <hidden>
                         arrival time                           1.088    <hidden>
  -------------------------------------------------------------------
                         slack                                  0.122    <hidden>

Slack (MET) :             0.122ns  (arrival time - required time)
  Source:                 design_1_i/axi_timer_0/U0/TC_CORE_I/TIMER_CONTROL_I/INPUT_DOUBLE_REGS/syncstages_ff_reg[0]/C
                            (rising edge-triggered cell FDRE clocked by clk_fpga_0  {rise@0.000ns fall@10.000ns period=20.000ns})
  Destination:            design_1_i/axi_timer_0/U0/TC_CORE_I/TIMER_CONTROL_I/INPUT_DOUBLE_REGS/syncstages_ff_reg[1]/D
                            (rising edge-triggered cell FDRE clocked by clk_fpga_0  {rise@0.000ns fall@10.000ns period=20.000ns})
  Path Group:             clk_fpga_0
  Path Type:              Hold (Min at Fast Process Corner)
  Requirement:            0.000ns  (clk_fpga_0 rise@0.000ns - clk_fpga_0 rise@0.000ns)
  Data Path Delay:        0.197ns  (logic 0.141ns (71.611%)  route 0.056ns (28.389%))
  Logic Levels:           0  
  Clock Path Skew:        0.000ns (DCD - SCD - CPR)
    Destination Clock Delay (DCD):    1.191ns
    Source Clock Delay      (SCD):    0.893ns
    Clock Pessimism Removal (CPR):    0.298ns

    Location             Delay type                Incr(ns)  Path(ns)    Netlist Resource(s)
  -------------------------------------------------------------------    -------------------
                         (clock clk_fpga_0 rise edge)
                                                      0.000     0.000 r  <hidden>
    PS7_X0Y0             PS7                          0.000     0.000 r  design_1_i/processing_system7_0/inst/PS7_i/FCLKCLK[0]
                         net (fo=1, routed)           0.310     0.310    design_1_i/processing_system7_0/inst/FCLK_CLK_unbuffered[0]
    BUFGCTRL_X0Y16       BUFG (Prop_bufg_I_O)         0.026     0.336 r  design_1_i/processing_system7_0/inst/buffer_fclk_clk_0.FCLK_CLK_0_BUFG/O
                         net (fo=805, routed)         0.557     0.893    design_1_i/axi_timer_0/U0/TC_CORE_I/TIMER_CONTROL_I/INPUT_DOUBLE_REGS/dest_clk
    SLICE_X37Y97         FDRE                                         r  design_1_i/axi_timer_0/U0/TC_CORE_I/TIMER_CONTROL_I/INPUT_DOUBLE_REGS/syncstages_ff_reg[0]/C
  -------------------------------------------------------------------    -------------------
    SLICE_X37Y97         FDRE (Prop_fdre_C_Q)         0.141     1.034 r  design_1_i/axi_timer_0/U0/TC_CORE_I/TIMER_CONTROL_I/INPUT_DOUBLE_REGS/syncstages_ff_reg[0]/Q
                         net (fo=1, routed)           0.056     1.089    design_1_i/axi_timer_0/U0/TC_CORE_I/TIMER_CONTROL_I/INPUT_DOUBLE_REGS/syncstages_ff[0]
    SLICE_X37Y97         FDRE                                         r  design_1_i/axi_timer_0/U0/TC_CORE_I/TIMER_CONTROL_I/INPUT_DOUBLE_REGS/syncstages_ff_reg[1]/D
  -------------------------------------------------------------------    -------------------

                         (clock clk_fpga_0 rise edge)
                                                      0.000     0.000 r  <hidden>
    PS7_X0Y0             PS7                          0.000     0.000 r  design_1_i/processing_system7_0/inst/PS7_i/FCLKCLK[0]
                         net (fo=1, routed)           0.337     0.337    design_1_i/processing_system7_0/inst/FCLK_CLK_unbuffered[0]
    BUFGCTRL_X0Y16       BUFG (Prop_bufg_I_O)         0.029     0.366 r  design_1_i/processing_system7_0/inst/buffer_fclk_clk_0.FCLK_CLK_0_BUFG/O
                         net (fo=805, routed)         0.825     1.191    design_1_i/axi_timer_0/U0/TC_CORE_I/TIMER_CONTROL_I/INPUT_DOUBLE_REGS/dest_clk
    SLICE_X37Y97         FDRE                                         r  design_1_i/axi_timer_0/U0/TC_CORE_I/TIMER_CONTROL_I/INPUT_DOUBLE_REGS/syncstages_ff_reg[1]/C
                         clock pessimism             -0.298     0.893    <hidden>
    SLICE_X37Y97         FDRE (Hold_fdre_C_D)         0.075     0.968    design_1_i/axi_timer_0/U0/TC_CORE_I/TIMER_CONTROL_I/INPUT_DOUBLE_REGS/syncstages_ff_reg[1]
  -------------------------------------------------------------------
                         required time                         -0.968    <hidden>
                         arrival time                           1.089    <hidden>
  -------------------------------------------------------------------
                         slack                                  0.122    <hidden>





Pulse Width Checks
--------------------------------------------------------------------------------------
Clock Name:         clk_fpga_0
Waveform(ns):       { 0.000 10.000 }
Period(ns):         20.000
Sources:            { design_1_i/processing_system7_0/inst/PS7_i/FCLKCLK[0] }

Check Type        Corner  Lib Pin     Reference Pin  Required(ns)  Actual(ns)  Slack(ns)  Location        Pin
Min Period        n/a     BUFG/I      n/a            2.155         20.000      17.845     BUFGCTRL_X0Y16  design_1_i/processing_system7_0/inst/buffer_fclk_clk_0.FCLK_CLK_0_BUFG/I
Min Period        n/a     FDRE/C      n/a            1.000         20.000      19.000     SLICE_X42Y98    design_1_i/axi_gpio_0/U0/ip2bus_data_i_D1_reg[0]/C
Min Period        n/a     FDRE/C      n/a            1.000         20.000      19.000     SLICE_X42Y98    design_1_i/axi_gpio_0/U0/ip2bus_data_i_D1_reg[27]/C
Min Period        n/a     FDRE/C      n/a            1.000         20.000      19.000     SLICE_X43Y98    design_1_i/axi_gpio_0/U0/ip2bus_data_i_D1_reg[28]/C
Min Period        n/a     FDRE/C      n/a            1.000         20.000      19.000     SLICE_X43Y98    design_1_i/axi_gpio_0/U0/ip2bus_data_i_D1_reg[29]/C
Min Period        n/a     FDRE/C      n/a            1.000         20.000      19.000     SLICE_X43Y98    design_1_i/axi_gpio_0/U0/ip2bus_data_i_D1_reg[30]/C
Min Period        n/a     FDRE/C      n/a            1.000         20.000      19.000     SLICE_X43Y98    design_1_i/axi_gpio_0/U0/ip2bus_data_i_D1_reg[31]/C
Min Period        n/a     FDRE/C      n/a            1.000         20.000      19.000     SLICE_X43Y99    design_1_i/axi_gpio_0/U0/ip2bus_rdack_i_D1_reg/C
Min Period        n/a     FDRE/C      n/a            1.000         20.000      19.000     SLICE_X43Y99    design_1_i/axi_gpio_0/U0/ip2bus_wrack_i_D1_reg/C
Min Period        n/a     FDSE/C      n/a            1.000         20.000      19.000     SLICE_X40Y100   design_1_i/axi_gpio_0/U0/AXI_LITE_IPIF_I/I_SLAVE_ATTACHMENT/FSM_onehot_state_reg[0]/C
Low Pulse Width   Slow    SRL16E/CLK  n/a            0.980         10.000      9.020      SLICE_X34Y110   design_1_i/rst_ps7_0_50M/U0/EXT_LPF/POR_SRL_I/CLK
Low Pulse Width   Fast    SRL16E/CLK  n/a            0.980         10.000      9.020      SLICE_X34Y110   design_1_i/rst_ps7_0_50M/U0/EXT_LPF/POR_SRL_I/CLK
Low Pulse Width   Slow    FDRE/C      n/a            0.500         10.000      9.500      SLICE_X42Y98    design_1_i/axi_gpio_0/U0/ip2bus_data_i_D1_reg[0]/C
Low Pulse Width   Fast    FDRE/C      n/a            0.500         10.000      9.500      SLICE_X42Y98    design_1_i/axi_gpio_0/U0/ip2bus_data_i_D1_reg[0]/C
Low Pulse Width   Slow    FDRE/C      n/a            0.500         10.000      9.500      SLICE_X42Y98    design_1_i/axi_gpio_0/U0/ip2bus_data_i_D1_reg[27]/C
Low Pulse Width   Fast    FDRE/C      n/a            0.500         10.000      9.500      SLICE_X42Y98    design_1_i/axi_gpio_0/U0/ip2bus_data_i_D1_reg[27]/C
Low Pulse Width   Slow    FDRE/C      n/a            0.500         10.000      9.500      SLICE_X43Y98    design_1_i/axi_gpio_0/U0/ip2bus_data_i_D1_reg[28]/C
Low Pulse Width   Fast    FDRE/C      n/a            0.500         10.000      9.500      SLICE_X43Y98    design_1_i/axi_gpio_0/U0/ip2bus_data_i_D1_reg[28]/C
Low Pulse Width   Slow    FDRE/C      n/a            0.500         10.000      9.500      SLICE_X43Y98    design_1_i/axi_gpio_0/U0/ip2bus_data_i_D1_reg[29]/C
Low Pulse Width   Fast    FDRE/C      n/a            0.500         10.000      9.500      SLICE_X43Y98    design_1_i/axi_gpio_0/U0/ip2bus_data_i_D1_reg[29]/C
High Pulse Width  Slow    SRL16E/CLK  n/a            0.980         10.000      9.020      SLICE_X34Y110   design_1_i/rst_ps7_0_50M/U0/EXT_LPF/POR_SRL_I/CLK
High Pulse Width  Fast    SRL16E/CLK  n/a            0.980         10.000      9.020      SLICE_X34Y110   design_1_i/rst_ps7_0_50M/U0/EXT_LPF/POR_SRL_I/CLK
High Pulse Width  Slow    FDRE/C      n/a            0.500         10.000      9.500      SLICE_X42Y98    design_1_i/axi_gpio_0/U0/ip2bus_data_i_D1_reg[0]/C
High Pulse Width  Fast    FDRE/C      n/a            0.500         10.000      9.500      SLICE_X42Y98    design_1_i/axi_gpio_0/U0/ip2bus_data_i_D1_reg[0]/C
High Pulse Width  Slow    FDRE/C      n/a            0.500         10.000      9.500      SLICE_X42Y98    design_1_i/axi_gpio_0/U0/ip2bus_data_i_D1_reg[27]/C
High Pulse Width  Fast    FDRE/C      n/a            0.500         10.000      9.500      SLICE_X42Y98    design_1_i/axi_gpio_0/U0/ip2bus_data_i_D1_reg[27]/C
High Pulse Width  Slow    FDRE/C      n/a            0.500         10.000      9.500      SLICE_X43Y98    design_1_i/axi_gpio_0/U0/ip2bus_data_i_D1_reg[28]/C
High Pulse Width  Fast    FDRE/C      n/a            0.500         10.000      9.500      SLICE_X43Y98    design_1_i/axi_gpio_0/U0/ip2bus_data_i_D1_reg[28]/C
High Pulse Width  Slow    FDRE/C      n/a            0.500         10.000      9.500      SLICE_X43Y98    design_1_i/axi_gpio_0/U0/ip2bus_data_i_D1_reg[29]/C
High Pulse Width  Fast    FDRE/C      n/a            0.500         10.000      9.500      SLICE_X43Y98    design_1_i/axi_gpio_0/U0/ip2bus_data_i_D1_reg[29]/C



--------------------------------------------------------------------------------------
Path Group:  (none)
From Clock:  
  To Clock:  clk_fpga_0

Max Delay             6 Endpoints
Min Delay             6 Endpoints
--------------------------------------------------------------------------------------


Max Delay Paths
--------------------------------------------------------------------------------------
Slack:                    inf
  Source:                 BTN_SW[0]
                            (input port)
  Destination:            design_1_i/axi_gpio_0/U0/gpio_core_1/Dual.INPUT_DOUBLE_REGS5/syncstages_ff_reg[0][0]/D
                            (rising edge-triggered cell FDRE clocked by clk_fpga_0  {rise@0.000ns fall@10.000ns period=20.000ns})
  Path Group:             (none)
  Path Type:              Setup (Max at Slow Process Corner)
  Data Path Delay:        5.491ns  (logic 1.463ns (26.651%)  route 4.028ns (73.349%))
  Logic Levels:           1  (IBUF=1)
  Clock Path Skew:        2.657ns (DCD - SCD + CPR)
    Destination Clock Delay (DCD):    2.657ns
    Source Clock Delay      (SCD):    0.000ns
    Clock Pessimism Removal (CPR):    0.000ns
  Clock Uncertainty:      0.301ns  ((TSJ^2 + TIJ^2)^1/2 + DJ) / 2 + PE
    Total System Jitter     (TSJ):    0.050ns
    Total Input Jitter      (TIJ):    0.600ns
    Discrete Jitter          (DJ):    0.000ns
    Phase Error              (PE):    0.000ns
  Timing Exception:       False Path

    Location             Delay type                Incr(ns)  Path(ns)    Netlist Resource(s)
  -------------------------------------------------------------------    -------------------
    D19                                               0.000     0.000 r  BTN_SW[0]
                         net (fo=0)                   0.000     0.000    BTN_SW[0]
    D19                  IBUF (Prop_ibuf_I_O)         1.463     1.463 r  BTN_SW_IBUF[0]_inst/O
                         net (fo=1, routed)           4.028     5.491    design_1_i/axi_gpio_0/U0/gpio_core_1/Dual.INPUT_DOUBLE_REGS5/async_path_bit[0]
    SLICE_X49Y99         FDRE                                         r  design_1_i/axi_gpio_0/U0/gpio_core_1/Dual.INPUT_DOUBLE_REGS5/syncstages_ff_reg[0][0]/D
  -------------------------------------------------------------------    -------------------

                         (clock clk_fpga_0 rise edge)
                                                      0.000     0.000 r  <hidden>
    PS7_X0Y0             PS7                          0.000     0.000 r  design_1_i/processing_system7_0/inst/PS7_i/FCLKCLK[0]
                         net (fo=1, routed)           1.088     1.088    design_1_i/processing_system7_0/inst/FCLK_CLK_unbuffered[0]
    BUFGCTRL_X0Y16       BUFG (Prop_bufg_I_O)         0.091     1.179 r  design_1_i/processing_system7_0/inst/buffer_fclk_clk_0.FCLK_CLK_0_BUFG/O
                         net (fo=805, routed)         1.478     2.657    design_1_i/axi_gpio_0/U0/gpio_core_1/Dual.INPUT_DOUBLE_REGS5/dest_clk
    SLICE_X49Y99         FDRE                                         r  design_1_i/axi_gpio_0/U0/gpio_core_1/Dual.INPUT_DOUBLE_REGS5/syncstages_ff_reg[0][0]/C

Slack:                    inf
  Source:                 BTN_SW[4]
                            (input port)
  Destination:            design_1_i/axi_gpio_0/U0/gpio_core_1/Dual.INPUT_DOUBLE_REGS5/syncstages_ff_reg[0][4]/D
                            (rising edge-triggered cell FDRE clocked by clk_fpga_0  {rise@0.000ns fall@10.000ns period=20.000ns})
  Path Group:             (none)
  Path Type:              Setup (Max at Slow Process Corner)
  Data Path Delay:        5.402ns  (logic 1.542ns (28.548%)  route 3.860ns (71.452%))
  Logic Levels:           1  (IBUF=1)
  Clock Path Skew:        2.658ns (DCD - SCD + CPR)
    Destination Clock Delay (DCD):    2.658ns
    Source Clock Delay      (SCD):    0.000ns
    Clock Pessimism Removal (CPR):    0.000ns
  Clock Uncertainty:      0.301ns  ((TSJ^2 + TIJ^2)^1/2 + DJ) / 2 + PE
    Total System Jitter     (TSJ):    0.050ns
    Total Input Jitter      (TIJ):    0.600ns
    Discrete Jitter          (DJ):    0.000ns
    Phase Error              (PE):    0.000ns
  Timing Exception:       False Path

    Location             Delay type                Incr(ns)  Path(ns)    Netlist Resource(s)
  -------------------------------------------------------------------    -------------------
    M20                                               0.000     0.000 r  BTN_SW[4]
                         net (fo=0)                   0.000     0.000    BTN_SW[4]
    M20                  IBUF (Prop_ibuf_I_O)         1.542     1.542 r  BTN_SW_IBUF[4]_inst/O
                         net (fo=1, routed)           3.860     5.402    design_1_i/axi_gpio_0/U0/gpio_core_1/Dual.INPUT_DOUBLE_REGS5/async_path_bit[4]
    SLICE_X46Y99         FDRE                                         r  design_1_i/axi_gpio_0/U0/gpio_core_1/Dual.INPUT_DOUBLE_REGS5/syncstages_ff_reg[0][4]/D
  -------------------------------------------------------------------    -------------------

                         (clock clk_fpga_0 rise edge)
                                                      0.000     0.000 r  <hidden>
    PS7_X0Y0             PS7                          0.000     0.000 r  design_1_i/processing_system7_0/inst/PS7_i/FCLKCLK[0]
                         net (fo=1, routed)           1.088     1.088    design_1_i/processing_system7_0/inst/FCLK_CLK_unbuffered[0]
    BUFGCTRL_X0Y16       BUFG (Prop_bufg_I_O)         0.091     1.179 r  design_1_i/processing_system7_0/inst/buffer_fclk_clk_0.FCLK_CLK_0_BUFG/O
                         net (fo=805, routed)         1.479     2.658    design_1_i/axi_gpio_0/U0/gpio_core_1/Dual.INPUT_DOUBLE_REGS5/dest_clk
    SLICE_X46Y99         FDRE                                         r  design_1_i/axi_gpio_0/U0/gpio_core_1/Dual.INPUT_DOUBLE_REGS5/syncstages_ff_reg[0][4]/C

Slack:                    inf
  Source:                 BTN_SW[1]
                            (input port)
  Destination:            design_1_i/axi_gpio_0/U0/gpio_core_1/Dual.INPUT_DOUBLE_REGS5/syncstages_ff_reg[0][1]/D
                            (rising edge-triggered cell FDRE clocked by clk_fpga_0  {rise@0.000ns fall@10.000ns period=20.000ns})
  Path Group:             (none)
  Path Type:              Setup (Max at Slow Process Corner)
  Data Path Delay:        5.329ns  (logic 1.464ns (27.471%)  route 3.865ns (72.529%))
  Logic Levels:           1  (IBUF=1)
  Clock Path Skew:        2.832ns (DCD - SCD + CPR)
    Destination Clock Delay (DCD):    2.832ns
    Source Clock Delay      (SCD):    0.000ns
    Clock Pessimism Removal (CPR):    0.000ns
  Clock Uncertainty:      0.301ns  ((TSJ^2 + TIJ^2)^1/2 + DJ) / 2 + PE
    Total System Jitter     (TSJ):    0.050ns
    Total Input Jitter      (TIJ):    0.600ns
    Discrete Jitter          (DJ):    0.000ns
    Phase Error              (PE):    0.000ns
  Timing Exception:       False Path

    Location             Delay type                Incr(ns)  Path(ns)    Netlist Resource(s)
  -------------------------------------------------------------------    -------------------
    D20                                               0.000     0.000 r  BTN_SW[1]
                         net (fo=0)                   0.000     0.000    BTN_SW[1]
    D20                  IBUF (Prop_ibuf_I_O)         1.464     1.464 r  BTN_SW_IBUF[1]_inst/O
                         net (fo=1, routed)           3.865     5.329    design_1_i/axi_gpio_0/U0/gpio_core_1/Dual.INPUT_DOUBLE_REGS5/async_path_bit[1]
    SLICE_X46Y100        FDRE                                         r  design_1_i/axi_gpio_0/U0/gpio_core_1/Dual.INPUT_DOUBLE_REGS5/syncstages_ff_reg[0][1]/D
  -------------------------------------------------------------------    -------------------

                         (clock clk_fpga_0 rise edge)
                                                      0.000     0.000 r  <hidden>
    PS7_X0Y0             PS7                          0.000     0.000 r  design_1_i/processing_system7_0/inst/PS7_i/FCLKCLK[0]
                         net (fo=1, routed)           1.088     1.088    design_1_i/processing_system7_0/inst/FCLK_CLK_unbuffered[0]
    BUFGCTRL_X0Y16       BUFG (Prop_bufg_I_O)         0.091     1.179 r  design_1_i/processing_system7_0/inst/buffer_fclk_clk_0.FCLK_CLK_0_BUFG/O
                         net (fo=805, routed)         1.653     2.832    design_1_i/axi_gpio_0/U0/gpio_core_1/Dual.INPUT_DOUBLE_REGS5/dest_clk
    SLICE_X46Y100        FDRE                                         r  design_1_i/axi_gpio_0/U0/gpio_core_1/Dual.INPUT_DOUBLE_REGS5/syncstages_ff_reg[0][1]/C

Slack:                    inf
  Source:                 BTN_SW[3]
                            (input port)
  Destination:            design_1_i/axi_gpio_0/U0/gpio_core_1/Dual.INPUT_DOUBLE_REGS5/syncstages_ff_reg[0][3]/D
                            (rising edge-triggered cell FDRE clocked by clk_fpga_0  {rise@0.000ns fall@10.000ns period=20.000ns})
  Path Group:             (none)
  Path Type:              Setup (Max at Slow Process Corner)
  Data Path Delay:        5.104ns  (logic 1.508ns (29.539%)  route 3.596ns (70.461%))
  Logic Levels:           1  (IBUF=1)
  Clock Path Skew:        2.657ns (DCD - SCD + CPR)
    Destination Clock Delay (DCD):    2.657ns
    Source Clock Delay      (SCD):    0.000ns
    Clock Pessimism Removal (CPR):    0.000ns
  Clock Uncertainty:      0.301ns  ((TSJ^2 + TIJ^2)^1/2 + DJ) / 2 + PE
    Total System Jitter     (TSJ):    0.050ns
    Total Input Jitter      (TIJ):    0.600ns
    Discrete Jitter          (DJ):    0.000ns
    Phase Error              (PE):    0.000ns
  Timing Exception:       False Path

    Location             Delay type                Incr(ns)  Path(ns)    Netlist Resource(s)
  -------------------------------------------------------------------    -------------------
    L19                                               0.000     0.000 r  BTN_SW[3]
                         net (fo=0)                   0.000     0.000    BTN_SW[3]
    L19                  IBUF (Prop_ibuf_I_O)         1.508     1.508 r  BTN_SW_IBUF[3]_inst/O
                         net (fo=1, routed)           3.596     5.104    design_1_i/axi_gpio_0/U0/gpio_core_1/Dual.INPUT_DOUBLE_REGS5/async_path_bit[3]
    SLICE_X48Y99         FDRE                                         r  design_1_i/axi_gpio_0/U0/gpio_core_1/Dual.INPUT_DOUBLE_REGS5/syncstages_ff_reg[0][3]/D
  -------------------------------------------------------------------    -------------------

                         (clock clk_fpga_0 rise edge)
                                                      0.000     0.000 r  <hidden>
    PS7_X0Y0             PS7                          0.000     0.000 r  design_1_i/processing_system7_0/inst/PS7_i/FCLKCLK[0]
                         net (fo=1, routed)           1.088     1.088    design_1_i/processing_system7_0/inst/FCLK_CLK_unbuffered[0]
    BUFGCTRL_X0Y16       BUFG (Prop_bufg_I_O)         0.091     1.179 r  design_1_i/processing_system7_0/inst/buffer_fclk_clk_0.FCLK_CLK_0_BUFG/O
                         net (fo=805, routed)         1.478     2.657    design_1_i/axi_gpio_0/U0/gpio_core_1/Dual.INPUT_DOUBLE_REGS5/dest_clk
    SLICE_X48Y99         FDRE                                         r  design_1_i/axi_gpio_0/U0/gpio_core_1/Dual.INPUT_DOUBLE_REGS5/syncstages_ff_reg[0][3]/C

Slack:                    inf
  Source:                 BTN_SW[2]
                            (input port)
  Destination:            design_1_i/axi_gpio_0/U0/gpio_core_1/Dual.INPUT_DOUBLE_REGS5/syncstages_ff_reg[0][2]/D
                            (rising edge-triggered cell FDRE clocked by clk_fpga_0  {rise@0.000ns fall@10.000ns period=20.000ns})
  Path Group:             (none)
  Path Type:              Setup (Max at Slow Process Corner)
  Data Path Delay:        5.102ns  (logic 1.513ns (29.656%)  route 3.589ns (70.344%))
  Logic Levels:           1  (IBUF=1)
  Clock Path Skew:        2.646ns (DCD - SCD + CPR)
    Destination Clock Delay (DCD):    2.646ns
    Source Clock Delay      (SCD):    0.000ns
    Clock Pessimism Removal (CPR):    0.000ns
  Clock Uncertainty:      0.301ns  ((TSJ^2 + TIJ^2)^1/2 + DJ) / 2 + PE
    Total System Jitter     (TSJ):    0.050ns
    Total Input Jitter      (TIJ):    0.600ns
    Discrete Jitter          (DJ):    0.000ns
    Phase Error              (PE):    0.000ns
  Timing Exception:       False Path

    Location             Delay type                Incr(ns)  Path(ns)    Netlist Resource(s)
  -------------------------------------------------------------------    -------------------
    L20                                               0.000     0.000 r  BTN_SW[2]
                         net (fo=0)                   0.000     0.000    BTN_SW[2]
    L20                  IBUF (Prop_ibuf_I_O)         1.513     1.513 r  BTN_SW_IBUF[2]_inst/O
                         net (fo=1, routed)           3.589     5.102    design_1_i/axi_gpio_0/U0/gpio_core_1/Dual.INPUT_DOUBLE_REGS5/async_path_bit[2]
    SLICE_X50Y97         FDRE                                         r  design_1_i/axi_gpio_0/U0/gpio_core_1/Dual.INPUT_DOUBLE_REGS5/syncstages_ff_reg[0][2]/D
  -------------------------------------------------------------------    -------------------

                         (clock clk_fpga_0 rise edge)
                                                      0.000     0.000 r  <hidden>
    PS7_X0Y0             PS7                          0.000     0.000 r  design_1_i/processing_system7_0/inst/PS7_i/FCLKCLK[0]
                         net (fo=1, routed)           1.088     1.088    design_1_i/processing_system7_0/inst/FCLK_CLK_unbuffered[0]
    BUFGCTRL_X0Y16       BUFG (Prop_bufg_I_O)         0.091     1.179 r  design_1_i/processing_system7_0/inst/buffer_fclk_clk_0.FCLK_CLK_0_BUFG/O
                         net (fo=805, routed)         1.467     2.646    design_1_i/axi_gpio_0/U0/gpio_core_1/Dual.INPUT_DOUBLE_REGS5/dest_clk
    SLICE_X50Y97         FDRE                                         r  design_1_i/axi_gpio_0/U0/gpio_core_1/Dual.INPUT_DOUBLE_REGS5/syncstages_ff_reg[0][2]/C

Slack:                    inf
  Source:                 design_1_i/processing_system7_0/inst/PS7_i/FCLKRESETN[0]
                            (internal pin)
  Destination:            design_1_i/rst_ps7_0_50M/U0/EXT_LPF/ACTIVE_LOW_EXT.ACT_LO_EXT/syncstages_ff_reg[0]/D
                            (rising edge-triggered cell FDRE clocked by clk_fpga_0  {rise@0.000ns fall@10.000ns period=20.000ns})
  Path Group:             (none)
  Path Type:              Setup (Max at Slow Process Corner)
  Data Path Delay:        2.152ns  (logic 0.124ns (5.761%)  route 2.028ns (94.239%))
  Logic Levels:           1  (LUT1=1)
  Clock Uncertainty:      0.301ns  ((TSJ^2 + TIJ^2)^1/2 + DJ) / 2 + PE
    Total System Jitter     (TSJ):    0.050ns
    Total Input Jitter      (TIJ):    0.600ns
    Discrete Jitter          (DJ):    0.000ns
    Phase Error              (PE):    0.000ns
  Timing Exception:       False Path

    Location             Delay type                Incr(ns)  Path(ns)    Netlist Resource(s)
  -------------------------------------------------------------------    -------------------
    PS7_X0Y0             PS7                          0.000     0.000 f  design_1_i/processing_system7_0/inst/PS7_i/FCLKRESETN[0]
                         net (fo=1, routed)           2.028     2.028    design_1_i/rst_ps7_0_50M/U0/EXT_LPF/ext_reset_in
    SLICE_X33Y109        LUT1 (Prop_lut1_I0_O)        0.124     2.152 r  design_1_i/rst_ps7_0_50M/U0/EXT_LPF/ACTIVE_LOW_EXT.ACT_LO_EXT_i_1/O
                         net (fo=1, routed)           0.000     2.152    design_1_i/rst_ps7_0_50M/U0/EXT_LPF/ACTIVE_LOW_EXT.ACT_LO_EXT/src_in
    SLICE_X33Y109        FDRE                                         r  design_1_i/rst_ps7_0_50M/U0/EXT_LPF/ACTIVE_LOW_EXT.ACT_LO_EXT/syncstages_ff_reg[0]/D
  -------------------------------------------------------------------    -------------------

                         (clock clk_fpga_0 rise edge)
                                                      0.000     0.000 r  <hidden>
    PS7_X0Y0             PS7                          0.000     0.000 r  design_1_i/processing_system7_0/inst/PS7_i/FCLKCLK[0]
                         net (fo=1, routed)           1.088     1.088    design_1_i/processing_system7_0/inst/FCLK_CLK_unbuffered[0]
    BUFGCTRL_X0Y16       BUFG (Prop_bufg_I_O)         0.091     1.179 r  design_1_i/processing_system7_0/inst/buffer_fclk_clk_0.FCLK_CLK_0_BUFG/O
                         net (fo=805, routed)         1.651     2.830    design_1_i/rst_ps7_0_50M/U0/EXT_LPF/ACTIVE_LOW_EXT.ACT_LO_EXT/dest_clk
    SLICE_X33Y109        FDRE                                         r  design_1_i/rst_ps7_0_50M/U0/EXT_LPF/ACTIVE_LOW_EXT.ACT_LO_EXT/syncstages_ff_reg[0]/C





Min Delay Paths
--------------------------------------------------------------------------------------
Slack:                    inf
  Source:                 design_1_i/processing_system7_0/inst/PS7_i/FCLKRESETN[0]
                            (internal pin)
  Destination:            design_1_i/rst_ps7_0_50M/U0/EXT_LPF/ACTIVE_LOW_EXT.ACT_LO_EXT/syncstages_ff_reg[0]/D
                            (rising edge-triggered cell FDRE clocked by clk_fpga_0  {rise@0.000ns fall@10.000ns period=20.000ns})
  Path Group:             (none)
  Path Type:              Hold (Min at Fast Process Corner)
  Data Path Delay:        0.853ns  (logic 0.045ns (5.273%)  route 0.808ns (94.727%))
  Logic Levels:           1  (LUT1=1)
  Clock Uncertainty:      0.301ns  ((TSJ^2 + TIJ^2)^1/2 + DJ) / 2 + PE
    Total System Jitter     (TSJ):    0.050ns
    Total Input Jitter      (TIJ):    0.600ns
    Discrete Jitter          (DJ):    0.000ns
    Phase Error              (PE):    0.000ns
  Timing Exception:       False Path

    Location             Delay type                Incr(ns)  Path(ns)    Netlist Resource(s)
  -------------------------------------------------------------------    -------------------
    PS7_X0Y0             PS7                          0.000     0.000 f  design_1_i/processing_system7_0/inst/PS7_i/FCLKRESETN[0]
                         net (fo=1, routed)           0.808     0.808    design_1_i/rst_ps7_0_50M/U0/EXT_LPF/ext_reset_in
    SLICE_X33Y109        LUT1 (Prop_lut1_I0_O)        0.045     0.853 r  design_1_i/rst_ps7_0_50M/U0/EXT_LPF/ACTIVE_LOW_EXT.ACT_LO_EXT_i_1/O
                         net (fo=1, routed)           0.000     0.853    design_1_i/rst_ps7_0_50M/U0/EXT_LPF/ACTIVE_LOW_EXT.ACT_LO_EXT/src_in
    SLICE_X33Y109        FDRE                                         r  design_1_i/rst_ps7_0_50M/U0/EXT_LPF/ACTIVE_LOW_EXT.ACT_LO_EXT/syncstages_ff_reg[0]/D
  -------------------------------------------------------------------    -------------------

                         (clock clk_fpga_0 rise edge)
                                                      0.000     0.000 r  <hidden>
    PS7_X0Y0             PS7                          0.000     0.000 r  design_1_i/processing_system7_0/inst/PS7_i/FCLKCLK[0]
                         net (fo=1, routed)           0.337     0.337    design_1_i/processing_system7_0/inst/FCLK_CLK_unbuffered[0]
    BUFGCTRL_X0Y16       BUFG (Prop_bufg_I_O)         0.029     0.366 r  design_1_i/processing_system7_0/inst/buffer_fclk_clk_0.FCLK_CLK_0_BUFG/O
                         net (fo=805, routed)         0.910     1.276    design_1_i/rst_ps7_0_50M/U0/EXT_LPF/ACTIVE_LOW_EXT.ACT_LO_EXT/dest_clk
    SLICE_X33Y109        FDRE                                         r  design_1_i/rst_ps7_0_50M/U0/EXT_LPF/ACTIVE_LOW_EXT.ACT_LO_EXT/syncstages_ff_reg[0]/C

Slack:                    inf
  Source:                 BTN_SW[3]
                            (input port)
  Destination:            design_1_i/axi_gpio_0/U0/gpio_core_1/Dual.INPUT_DOUBLE_REGS5/syncstages_ff_reg[0][3]/D
                            (rising edge-triggered cell FDRE clocked by clk_fpga_0  {rise@0.000ns fall@10.000ns period=20.000ns})
  Path Group:             (none)
  Path Type:              Hold (Min at Fast Process Corner)
  Data Path Delay:        1.922ns  (logic 0.275ns (14.314%)  route 1.647ns (85.686%))
  Logic Levels:           1  (IBUF=1)
  Clock Path Skew:        1.191ns (DCD - SCD - CPR)
    Destination Clock Delay (DCD):    1.191ns
    Source Clock Delay      (SCD):    0.000ns
    Clock Pessimism Removal (CPR):    -0.000ns
  Timing Exception:       False Path

    Location             Delay type                Incr(ns)  Path(ns)    Netlist Resource(s)
  -------------------------------------------------------------------    -------------------
    L19                                               0.000     0.000 r  BTN_SW[3]
                         net (fo=0)                   0.000     0.000    BTN_SW[3]
    L19                  IBUF (Prop_ibuf_I_O)         0.275     0.275 r  BTN_SW_IBUF[3]_inst/O
                         net (fo=1, routed)           1.647     1.922    design_1_i/axi_gpio_0/U0/gpio_core_1/Dual.INPUT_DOUBLE_REGS5/async_path_bit[3]
    SLICE_X48Y99         FDRE                                         r  design_1_i/axi_gpio_0/U0/gpio_core_1/Dual.INPUT_DOUBLE_REGS5/syncstages_ff_reg[0][3]/D
  -------------------------------------------------------------------    -------------------

                         (clock clk_fpga_0 rise edge)
                                                      0.000     0.000 r  <hidden>
    PS7_X0Y0             PS7                          0.000     0.000 r  design_1_i/processing_system7_0/inst/PS7_i/FCLKCLK[0]
                         net (fo=1, routed)           0.337     0.337    design_1_i/processing_system7_0/inst/FCLK_CLK_unbuffered[0]
    BUFGCTRL_X0Y16       BUFG (Prop_bufg_I_O)         0.029     0.366 r  design_1_i/processing_system7_0/inst/buffer_fclk_clk_0.FCLK_CLK_0_BUFG/O
                         net (fo=805, routed)         0.825     1.191    design_1_i/axi_gpio_0/U0/gpio_core_1/Dual.INPUT_DOUBLE_REGS5/dest_clk
    SLICE_X48Y99         FDRE                                         r  design_1_i/axi_gpio_0/U0/gpio_core_1/Dual.INPUT_DOUBLE_REGS5/syncstages_ff_reg[0][3]/C

Slack:                    inf
  Source:                 BTN_SW[2]
                            (input port)
  Destination:            design_1_i/axi_gpio_0/U0/gpio_core_1/Dual.INPUT_DOUBLE_REGS5/syncstages_ff_reg[0][2]/D
                            (rising edge-triggered cell FDRE clocked by clk_fpga_0  {rise@0.000ns fall@10.000ns period=20.000ns})
  Path Group:             (none)
  Path Type:              Hold (Min at Fast Process Corner)
  Data Path Delay:        1.999ns  (logic 0.281ns (14.040%)  route 1.718ns (85.960%))
  Logic Levels:           1  (IBUF=1)
  Clock Path Skew:        1.187ns (DCD - SCD - CPR)
    Destination Clock Delay (DCD):    1.187ns
    Source Clock Delay      (SCD):    0.000ns
    Clock Pessimism Removal (CPR):    -0.000ns
  Timing Exception:       False Path

    Location             Delay type                Incr(ns)  Path(ns)    Netlist Resource(s)
  -------------------------------------------------------------------    -------------------
    L20                                               0.000     0.000 r  BTN_SW[2]
                         net (fo=0)                   0.000     0.000    BTN_SW[2]
    L20                  IBUF (Prop_ibuf_I_O)         0.281     0.281 r  BTN_SW_IBUF[2]_inst/O
                         net (fo=1, routed)           1.718     1.999    design_1_i/axi_gpio_0/U0/gpio_core_1/Dual.INPUT_DOUBLE_REGS5/async_path_bit[2]
    SLICE_X50Y97         FDRE                                         r  design_1_i/axi_gpio_0/U0/gpio_core_1/Dual.INPUT_DOUBLE_REGS5/syncstages_ff_reg[0][2]/D
  -------------------------------------------------------------------    -------------------

                         (clock clk_fpga_0 rise edge)
                                                      0.000     0.000 r  <hidden>
    PS7_X0Y0             PS7                          0.000     0.000 r  design_1_i/processing_system7_0/inst/PS7_i/FCLKCLK[0]
                         net (fo=1, routed)           0.337     0.337    design_1_i/processing_system7_0/inst/FCLK_CLK_unbuffered[0]
    BUFGCTRL_X0Y16       BUFG (Prop_bufg_I_O)         0.029     0.366 r  design_1_i/processing_system7_0/inst/buffer_fclk_clk_0.FCLK_CLK_0_BUFG/O
                         net (fo=805, routed)         0.821     1.187    design_1_i/axi_gpio_0/U0/gpio_core_1/Dual.INPUT_DOUBLE_REGS5/dest_clk
    SLICE_X50Y97         FDRE                                         r  design_1_i/axi_gpio_0/U0/gpio_core_1/Dual.INPUT_DOUBLE_REGS5/syncstages_ff_reg[0][2]/C

Slack:                    inf
  Source:                 BTN_SW[1]
                            (input port)
  Destination:            design_1_i/axi_gpio_0/U0/gpio_core_1/Dual.INPUT_DOUBLE_REGS5/syncstages_ff_reg[0][1]/D
                            (rising edge-triggered cell FDRE clocked by clk_fpga_0  {rise@0.000ns fall@10.000ns period=20.000ns})
  Path Group:             (none)
  Path Type:              Hold (Min at Fast Process Corner)
  Data Path Delay:        2.011ns  (logic 0.232ns (11.532%)  route 1.779ns (88.468%))
  Logic Levels:           1  (IBUF=1)
  Clock Path Skew:        1.277ns (DCD - SCD - CPR)
    Destination Clock Delay (DCD):    1.277ns
    Source Clock Delay      (SCD):    0.000ns
    Clock Pessimism Removal (CPR):    -0.000ns
  Timing Exception:       False Path

    Location             Delay type                Incr(ns)  Path(ns)    Netlist Resource(s)
  -------------------------------------------------------------------    -------------------
    D20                                               0.000     0.000 r  BTN_SW[1]
                         net (fo=0)                   0.000     0.000    BTN_SW[1]
    D20                  IBUF (Prop_ibuf_I_O)         0.232     0.232 r  BTN_SW_IBUF[1]_inst/O
                         net (fo=1, routed)           1.779     2.011    design_1_i/axi_gpio_0/U0/gpio_core_1/Dual.INPUT_DOUBLE_REGS5/async_path_bit[1]
    SLICE_X46Y100        FDRE                                         r  design_1_i/axi_gpio_0/U0/gpio_core_1/Dual.INPUT_DOUBLE_REGS5/syncstages_ff_reg[0][1]/D
  -------------------------------------------------------------------    -------------------

                         (clock clk_fpga_0 rise edge)
                                                      0.000     0.000 r  <hidden>
    PS7_X0Y0             PS7                          0.000     0.000 r  design_1_i/processing_system7_0/inst/PS7_i/FCLKCLK[0]
                         net (fo=1, routed)           0.337     0.337    design_1_i/processing_system7_0/inst/FCLK_CLK_unbuffered[0]
    BUFGCTRL_X0Y16       BUFG (Prop_bufg_I_O)         0.029     0.366 r  design_1_i/processing_system7_0/inst/buffer_fclk_clk_0.FCLK_CLK_0_BUFG/O
                         net (fo=805, routed)         0.911     1.277    design_1_i/axi_gpio_0/U0/gpio_core_1/Dual.INPUT_DOUBLE_REGS5/dest_clk
    SLICE_X46Y100        FDRE                                         r  design_1_i/axi_gpio_0/U0/gpio_core_1/Dual.INPUT_DOUBLE_REGS5/syncstages_ff_reg[0][1]/C

Slack:                    inf
  Source:                 BTN_SW[0]
                            (input port)
  Destination:            design_1_i/axi_gpio_0/U0/gpio_core_1/Dual.INPUT_DOUBLE_REGS5/syncstages_ff_reg[0][0]/D
                            (rising edge-triggered cell FDRE clocked by clk_fpga_0  {rise@0.000ns fall@10.000ns period=20.000ns})
  Path Group:             (none)
  Path Type:              Hold (Min at Fast Process Corner)
  Data Path Delay:        2.132ns  (logic 0.231ns (10.854%)  route 1.901ns (89.146%))
  Logic Levels:           1  (IBUF=1)
  Clock Path Skew:        1.191ns (DCD - SCD - CPR)
    Destination Clock Delay (DCD):    1.191ns
    Source Clock Delay      (SCD):    0.000ns
    Clock Pessimism Removal (CPR):    -0.000ns
  Timing Exception:       False Path

    Location             Delay type                Incr(ns)  Path(ns)    Netlist Resource(s)
  -------------------------------------------------------------------    -------------------
    D19                                               0.000     0.000 r  BTN_SW[0]
                         net (fo=0)                   0.000     0.000    BTN_SW[0]
    D19                  IBUF (Prop_ibuf_I_O)         0.231     0.231 r  BTN_SW_IBUF[0]_inst/O
                         net (fo=1, routed)           1.901     2.132    design_1_i/axi_gpio_0/U0/gpio_core_1/Dual.INPUT_DOUBLE_REGS5/async_path_bit[0]
    SLICE_X49Y99         FDRE                                         r  design_1_i/axi_gpio_0/U0/gpio_core_1/Dual.INPUT_DOUBLE_REGS5/syncstages_ff_reg[0][0]/D
  -------------------------------------------------------------------    -------------------

                         (clock clk_fpga_0 rise edge)
                                                      0.000     0.000 r  <hidden>
    PS7_X0Y0             PS7                          0.000     0.000 r  design_1_i/processing_system7_0/inst/PS7_i/FCLKCLK[0]
                         net (fo=1, routed)           0.337     0.337    design_1_i/processing_system7_0/inst/FCLK_CLK_unbuffered[0]
    BUFGCTRL_X0Y16       BUFG (Prop_bufg_I_O)         0.029     0.366 r  design_1_i/processing_system7_0/inst/buffer_fclk_clk_0.FCLK_CLK_0_BUFG/O
                         net (fo=805, routed)         0.825     1.191    design_1_i/axi_gpio_0/U0/gpio_core_1/Dual.INPUT_DOUBLE_REGS5/dest_clk
    SLICE_X49Y99         FDRE                                         r  design_1_i/axi_gpio_0/U0/gpio_core_1/Dual.INPUT_DOUBLE_REGS5/syncstages_ff_reg[0][0]/C

Slack:                    inf
  Source:                 BTN_SW[4]
                            (input port)
  Destination:            design_1_i/axi_gpio_0/U0/gpio_core_1/Dual.INPUT_DOUBLE_REGS5/syncstages_ff_reg[0][4]/D
                            (rising edge-triggered cell FDRE clocked by clk_fpga_0  {rise@0.000ns fall@10.000ns period=20.000ns})
  Path Group:             (none)
  Path Type:              Hold (Min at Fast Process Corner)
  Data Path Delay:        2.169ns  (logic 0.309ns (14.271%)  route 1.859ns (85.729%))
  Logic Levels:           1  (IBUF=1)
  Clock Path Skew:        1.191ns (DCD - SCD - CPR)
    Destination Clock Delay (DCD):    1.191ns
    Source Clock Delay      (SCD):    0.000ns
    Clock Pessimism Removal (CPR):    -0.000ns
  Timing Exception:       False Path

    Location             Delay type                Incr(ns)  Path(ns)    Netlist Resource(s)
  -------------------------------------------------------------------    -------------------
    M20                                               0.000     0.000 r  BTN_SW[4]
                         net (fo=0)                   0.000     0.000    BTN_SW[4]
    M20                  IBUF (Prop_ibuf_I_O)         0.309     0.309 r  BTN_SW_IBUF[4]_inst/O
                         net (fo=1, routed)           1.859     2.169    design_1_i/axi_gpio_0/U0/gpio_core_1/Dual.INPUT_DOUBLE_REGS5/async_path_bit[4]
    SLICE_X46Y99         FDRE                                         r  design_1_i/axi_gpio_0/U0/gpio_core_1/Dual.INPUT_DOUBLE_REGS5/syncstages_ff_reg[0][4]/D
  -------------------------------------------------------------------    -------------------

                         (clock clk_fpga_0 rise edge)
                                                      0.000     0.000 r  <hidden>
    PS7_X0Y0             PS7                          0.000     0.000 r  design_1_i/processing_system7_0/inst/PS7_i/FCLKCLK[0]
                         net (fo=1, routed)           0.337     0.337    design_1_i/processing_system7_0/inst/FCLK_CLK_unbuffered[0]
    BUFGCTRL_X0Y16       BUFG (Prop_bufg_I_O)         0.029     0.366 r  design_1_i/processing_system7_0/inst/buffer_fclk_clk_0.FCLK_CLK_0_BUFG/O
                         net (fo=805, routed)         0.825     1.191    design_1_i/axi_gpio_0/U0/gpio_core_1/Dual.INPUT_DOUBLE_REGS5/dest_clk
    SLICE_X46Y99         FDRE                                         r  design_1_i/axi_gpio_0/U0/gpio_core_1/Dual.INPUT_DOUBLE_REGS5/syncstages_ff_reg[0][4]/C





--------------------------------------------------------------------------------------
Path Group:  (none)
From Clock:  clk_fpga_0
  To Clock:  clk_fpga_0

Max Delay             1 Endpoint
Min Delay             1 Endpoint
--------------------------------------------------------------------------------------


Max Delay Paths
--------------------------------------------------------------------------------------
Slack:                    inf
  Source:                 design_1_i/rst_ps7_0_50M/U0/ACTIVE_LOW_PR_OUT_DFF[0].FDRE_PER_N/C
                            (rising edge-triggered cell FDRE clocked by clk_fpga_0  {rise@0.000ns fall@10.000ns period=20.000ns})
  Destination:            design_1_i/axi_smc/inst/sc_ul/inst/cdc_aresetn/syncstages_ff_reg[0]/D
                            (rising edge-triggered cell FDRE clocked by clk_fpga_0  {rise@0.000ns fall@10.000ns period=20.000ns})
  Path Group:             (none)
  Path Type:              Setup (Max at Slow Process Corner)
  Data Path Delay:        0.984ns  (logic 0.518ns (52.661%)  route 0.466ns (47.339%))
  Logic Levels:           0  
  Clock Path Skew:        -0.305ns (DCD - SCD + CPR)
    Destination Clock Delay (DCD):    2.832ns
    Source Clock Delay      (SCD):    3.137ns
    Clock Pessimism Removal (CPR):    0.000ns
  Clock Uncertainty:      0.302ns  ((TSJ^2 + TIJ^2)^1/2 + DJ) / 2 + PE
    Total System Jitter     (TSJ):    0.071ns
    Total Input Jitter      (TIJ):    0.600ns
    Discrete Jitter          (DJ):    0.000ns
    Phase Error              (PE):    0.000ns
  Timing Exception:       False Path

    Location             Delay type                Incr(ns)  Path(ns)    Netlist Resource(s)
  -------------------------------------------------------------------    -------------------
                         (clock clk_fpga_0 rise edge)
                                                      0.000     0.000 r  <hidden>
    PS7_X0Y0             PS7                          0.000     0.000 r  design_1_i/processing_system7_0/inst/PS7_i/FCLKCLK[0]
                         net (fo=1, routed)           1.193     1.193    design_1_i/processing_system7_0/inst/FCLK_CLK_unbuffered[0]
    BUFGCTRL_X0Y16       BUFG (Prop_bufg_I_O)         0.101     1.294 r  design_1_i/processing_system7_0/inst/buffer_fclk_clk_0.FCLK_CLK_0_BUFG/O
                         net (fo=805, routed)         1.843     3.137    design_1_i/rst_ps7_0_50M/U0/slowest_sync_clk
    SLICE_X36Y108        FDRE                                         r  design_1_i/rst_ps7_0_50M/U0/ACTIVE_LOW_PR_OUT_DFF[0].FDRE_PER_N/C
  -------------------------------------------------------------------    -------------------
    SLICE_X36Y108        FDRE (Prop_fdre_C_Q)         0.518     3.655 r  design_1_i/rst_ps7_0_50M/U0/ACTIVE_LOW_PR_OUT_DFF[0].FDRE_PER_N/Q
                         net (fo=10, routed)          0.466     4.121    design_1_i/axi_smc/inst/sc_ul/inst/cdc_aresetn/src_rst
    SLICE_X36Y105        FDRE                                         r  design_1_i/axi_smc/inst/sc_ul/inst/cdc_aresetn/syncstages_ff_reg[0]/D
  -------------------------------------------------------------------    -------------------

                         (clock clk_fpga_0 rise edge)
                                                      0.000     0.000 r  <hidden>
    PS7_X0Y0             PS7                          0.000     0.000 r  design_1_i/processing_system7_0/inst/PS7_i/FCLKCLK[0]
                         net (fo=1, routed)           1.088     1.088    design_1_i/processing_system7_0/inst/FCLK_CLK_unbuffered[0]
    BUFGCTRL_X0Y16       BUFG (Prop_bufg_I_O)         0.091     1.179 r  design_1_i/processing_system7_0/inst/buffer_fclk_clk_0.FCLK_CLK_0_BUFG/O
                         net (fo=805, routed)         1.653     2.832    design_1_i/axi_smc/inst/sc_ul/inst/cdc_aresetn/dest_clk
    SLICE_X36Y105        FDRE                                         r  design_1_i/axi_smc/inst/sc_ul/inst/cdc_aresetn/syncstages_ff_reg[0]/C





Min Delay Paths
--------------------------------------------------------------------------------------
Slack:                    inf
  Source:                 design_1_i/rst_ps7_0_50M/U0/ACTIVE_LOW_PR_OUT_DFF[0].FDRE_PER_N/C
                            (rising edge-triggered cell FDRE clocked by clk_fpga_0  {rise@0.000ns fall@10.000ns period=20.000ns})
  Destination:            design_1_i/axi_smc/inst/sc_ul/inst/cdc_aresetn/syncstages_ff_reg[0]/D
                            (rising edge-triggered cell FDRE clocked by clk_fpga_0  {rise@0.000ns fall@10.000ns period=20.000ns})
  Path Group:             (none)
  Path Type:              Hold (Min at Fast Process Corner)
  Data Path Delay:        0.351ns  (logic 0.164ns (46.771%)  route 0.187ns (53.229%))
  Logic Levels:           0  
  Clock Path Skew:        0.303ns (DCD - SCD - CPR)
    Destination Clock Delay (DCD):    1.276ns
    Source Clock Delay      (SCD):    0.973ns
    Clock Pessimism Removal (CPR):    -0.000ns
  Clock Uncertainty:      0.302ns  ((TSJ^2 + TIJ^2)^1/2 + DJ) / 2 + PE
    Total System Jitter     (TSJ):    0.071ns
    Total Input Jitter      (TIJ):    0.600ns
    Discrete Jitter          (DJ):    0.000ns
    Phase Error              (PE):    0.000ns
  Timing Exception:       False Path

    Location             Delay type                Incr(ns)  Path(ns)    Netlist Resource(s)
  -------------------------------------------------------------------    -------------------
                         (clock clk_fpga_0 rise edge)
                                                      0.000     0.000 r  <hidden>
    PS7_X0Y0             PS7                          0.000     0.000 r  design_1_i/processing_system7_0/inst/PS7_i/FCLKCLK[0]
                         net (fo=1, routed)           0.310     0.310    design_1_i/processing_system7_0/inst/FCLK_CLK_unbuffered[0]
    BUFGCTRL_X0Y16       BUFG (Prop_bufg_I_O)         0.026     0.336 r  design_1_i/processing_system7_0/inst/buffer_fclk_clk_0.FCLK_CLK_0_BUFG/O
                         net (fo=805, routed)         0.637     0.973    design_1_i/rst_ps7_0_50M/U0/slowest_sync_clk
    SLICE_X36Y108        FDRE                                         r  design_1_i/rst_ps7_0_50M/U0/ACTIVE_LOW_PR_OUT_DFF[0].FDRE_PER_N/C
  -------------------------------------------------------------------    -------------------
    SLICE_X36Y108        FDRE (Prop_fdre_C_Q)         0.164     1.137 r  design_1_i/rst_ps7_0_50M/U0/ACTIVE_LOW_PR_OUT_DFF[0].FDRE_PER_N/Q
                         net (fo=10, routed)          0.187     1.324    design_1_i/axi_smc/inst/sc_ul/inst/cdc_aresetn/src_rst
    SLICE_X36Y105        FDRE                                         r  design_1_i/axi_smc/inst/sc_ul/inst/cdc_aresetn/syncstages_ff_reg[0]/D
  -------------------------------------------------------------------    -------------------

                         (clock clk_fpga_0 rise edge)
                                                      0.000     0.000 r  <hidden>
    PS7_X0Y0             PS7                          0.000     0.000 r  design_1_i/processing_system7_0/inst/PS7_i/FCLKCLK[0]
                         net (fo=1, routed)           0.337     0.337    design_1_i/processing_system7_0/inst/FCLK_CLK_unbuffered[0]
    BUFGCTRL_X0Y16       BUFG (Prop_bufg_I_O)         0.029     0.366 r  design_1_i/processing_system7_0/inst/buffer_fclk_clk_0.FCLK_CLK_0_BUFG/O
                         net (fo=805, routed)         0.910     1.276    design_1_i/axi_smc/inst/sc_ul/inst/cdc_aresetn/dest_clk
    SLICE_X36Y105        FDRE                                         r  design_1_i/axi_smc/inst/sc_ul/inst/cdc_aresetn/syncstages_ff_reg[0]/C





--------------------------------------------------------------------------------------
Path Group:  (none)
From Clock:  clk_fpga_0
  To Clock:  

Max Delay             4 Endpoints
Min Delay             4 Endpoints
--------------------------------------------------------------------------------------


Max Delay Paths
--------------------------------------------------------------------------------------
Slack:                    inf
  Source:                 design_1_i/axi_gpio_0/U0/gpio_core_1/Dual.gpio_Data_Out_reg[3]_lopt_replica/C
                            (rising edge-triggered cell FDRE clocked by clk_fpga_0  {rise@0.000ns fall@10.000ns period=20.000ns})
  Destination:            LED[0]
                            (output port)
  Path Group:             (none)
  Path Type:              Max at Slow Process Corner
  Data Path Delay:        7.976ns  (logic 4.124ns (51.700%)  route 3.853ns (48.300%))
  Logic Levels:           1  (OBUF=1)
  Clock Uncertainty:      0.301ns  ((TSJ^2 + TIJ^2)^1/2 + DJ) / 2 + PE
    Total System Jitter     (TSJ):    0.050ns
    Total Input Jitter      (TIJ):    0.600ns
    Discrete Jitter          (DJ):    0.000ns
    Phase Error              (PE):    0.000ns

    Location             Delay type                Incr(ns)  Path(ns)    Netlist Resource(s)
  -------------------------------------------------------------------    -------------------
                         (clock clk_fpga_0 rise edge)
                                                      0.000     0.000 r  <hidden>
    PS7_X0Y0             PS7                          0.000     0.000 r  design_1_i/processing_system7_0/inst/PS7_i/FCLKCLK[0]
                         net (fo=1, routed)           1.193     1.193    design_1_i/processing_system7_0/inst/FCLK_CLK_unbuffered[0]
    BUFGCTRL_X0Y16       BUFG (Prop_bufg_I_O)         0.101     1.294 r  design_1_i/processing_system7_0/inst/buffer_fclk_clk_0.FCLK_CLK_0_BUFG/O
                         net (fo=805, routed)         1.652     2.946    design_1_i/axi_gpio_0/U0/gpio_core_1/s_axi_aclk
    SLICE_X45Y97         FDRE                                         r  design_1_i/axi_gpio_0/U0/gpio_core_1/Dual.gpio_Data_Out_reg[3]_lopt_replica/C
  -------------------------------------------------------------------    -------------------
    SLICE_X45Y97         FDRE (Prop_fdre_C_Q)         0.419     3.365 r  design_1_i/axi_gpio_0/U0/gpio_core_1/Dual.gpio_Data_Out_reg[3]_lopt_replica/Q
                         net (fo=1, routed)           3.853     7.218    lopt
    R14                  OBUF (Prop_obuf_I_O)         3.705    10.922 r  LED_OBUF[0]_inst/O
                         net (fo=0)                   0.000    10.922    LED[0]
    R14                                                               r  LED[0]
  -------------------------------------------------------------------    -------------------

Slack:                    inf
  Source:                 design_1_i/axi_gpio_0/U0/gpio_core_1/Dual.gpio_Data_Out_reg[0]_lopt_replica/C
                            (rising edge-triggered cell FDRE clocked by clk_fpga_0  {rise@0.000ns fall@10.000ns period=20.000ns})
  Destination:            LED[3]
                            (output port)
  Path Group:             (none)
  Path Type:              Max at Slow Process Corner
  Data Path Delay:        7.717ns  (logic 4.037ns (52.312%)  route 3.680ns (47.688%))
  Logic Levels:           1  (OBUF=1)
  Clock Uncertainty:      0.301ns  ((TSJ^2 + TIJ^2)^1/2 + DJ) / 2 + PE
    Total System Jitter     (TSJ):    0.050ns
    Total Input Jitter      (TIJ):    0.600ns
    Discrete Jitter          (DJ):    0.000ns
    Phase Error              (PE):    0.000ns

    Location             Delay type                Incr(ns)  Path(ns)    Netlist Resource(s)
  -------------------------------------------------------------------    -------------------
                         (clock clk_fpga_0 rise edge)
                                                      0.000     0.000 r  <hidden>
    PS7_X0Y0             PS7                          0.000     0.000 r  design_1_i/processing_system7_0/inst/PS7_i/FCLKCLK[0]
                         net (fo=1, routed)           1.193     1.193    design_1_i/processing_system7_0/inst/FCLK_CLK_unbuffered[0]
    BUFGCTRL_X0Y16       BUFG (Prop_bufg_I_O)         0.101     1.294 r  design_1_i/processing_system7_0/inst/buffer_fclk_clk_0.FCLK_CLK_0_BUFG/O
                         net (fo=805, routed)         1.652     2.946    design_1_i/axi_gpio_0/U0/gpio_core_1/s_axi_aclk
    SLICE_X45Y97         FDRE                                         r  design_1_i/axi_gpio_0/U0/gpio_core_1/Dual.gpio_Data_Out_reg[0]_lopt_replica/C
  -------------------------------------------------------------------    -------------------
    SLICE_X45Y97         FDRE (Prop_fdre_C_Q)         0.456     3.402 r  design_1_i/axi_gpio_0/U0/gpio_core_1/Dual.gpio_Data_Out_reg[0]_lopt_replica/Q
                         net (fo=1, routed)           3.680     7.082    lopt_3
    M14                  OBUF (Prop_obuf_I_O)         3.581    10.663 r  LED_OBUF[3]_inst/O
                         net (fo=0)                   0.000    10.663    LED[3]
    M14                                                               r  LED[3]
  -------------------------------------------------------------------    -------------------

Slack:                    inf
  Source:                 design_1_i/axi_gpio_0/U0/gpio_core_1/Dual.gpio_Data_Out_reg[1]_lopt_replica/C
                            (rising edge-triggered cell FDRE clocked by clk_fpga_0  {rise@0.000ns fall@10.000ns period=20.000ns})
  Destination:            LED[2]
                            (output port)
  Path Group:             (none)
  Path Type:              Max at Slow Process Corner
  Data Path Delay:        7.444ns  (logic 4.028ns (54.119%)  route 3.415ns (45.881%))
  Logic Levels:           1  (OBUF=1)
  Clock Uncertainty:      0.301ns  ((TSJ^2 + TIJ^2)^1/2 + DJ) / 2 + PE
    Total System Jitter     (TSJ):    0.050ns
    Total Input Jitter      (TIJ):    0.600ns
    Discrete Jitter          (DJ):    0.000ns
    Phase Error              (PE):    0.000ns

    Location             Delay type                Incr(ns)  Path(ns)    Netlist Resource(s)
  -------------------------------------------------------------------    -------------------
                         (clock clk_fpga_0 rise edge)
                                                      0.000     0.000 r  <hidden>
    PS7_X0Y0             PS7                          0.000     0.000 r  design_1_i/processing_system7_0/inst/PS7_i/FCLKCLK[0]
                         net (fo=1, routed)           1.193     1.193    design_1_i/processing_system7_0/inst/FCLK_CLK_unbuffered[0]
    BUFGCTRL_X0Y16       BUFG (Prop_bufg_I_O)         0.101     1.294 r  design_1_i/processing_system7_0/inst/buffer_fclk_clk_0.FCLK_CLK_0_BUFG/O
                         net (fo=805, routed)         1.652     2.946    design_1_i/axi_gpio_0/U0/gpio_core_1/s_axi_aclk
    SLICE_X45Y97         FDRE                                         r  design_1_i/axi_gpio_0/U0/gpio_core_1/Dual.gpio_Data_Out_reg[1]_lopt_replica/C
  -------------------------------------------------------------------    -------------------
    SLICE_X45Y97         FDRE (Prop_fdre_C_Q)         0.456     3.402 r  design_1_i/axi_gpio_0/U0/gpio_core_1/Dual.gpio_Data_Out_reg[1]_lopt_replica/Q
                         net (fo=1, routed)           3.415     6.817    lopt_2
    N16                  OBUF (Prop_obuf_I_O)         3.572    10.390 r  LED_OBUF[2]_inst/O
                         net (fo=0)                   0.000    10.390    LED[2]
    N16                                                               r  LED[2]
  -------------------------------------------------------------------    -------------------

Slack:                    inf
  Source:                 design_1_i/axi_gpio_0/U0/gpio_core_1/Dual.gpio_Data_Out_reg[2]_lopt_replica/C
                            (rising edge-triggered cell FDRE clocked by clk_fpga_0  {rise@0.000ns fall@10.000ns period=20.000ns})
  Destination:            LED[1]
                            (output port)
  Path Group:             (none)
  Path Type:              Max at Slow Process Corner
  Data Path Delay:        7.392ns  (logic 4.148ns (56.119%)  route 3.244ns (43.881%))
  Logic Levels:           1  (OBUF=1)
  Clock Uncertainty:      0.301ns  ((TSJ^2 + TIJ^2)^1/2 + DJ) / 2 + PE
    Total System Jitter     (TSJ):    0.050ns
    Total Input Jitter      (TIJ):    0.600ns
    Discrete Jitter          (DJ):    0.000ns
    Phase Error              (PE):    0.000ns

    Location             Delay type                Incr(ns)  Path(ns)    Netlist Resource(s)
  -------------------------------------------------------------------    -------------------
                         (clock clk_fpga_0 rise edge)
                                                      0.000     0.000 r  <hidden>
    PS7_X0Y0             PS7                          0.000     0.000 r  design_1_i/processing_system7_0/inst/PS7_i/FCLKCLK[0]
                         net (fo=1, routed)           1.193     1.193    design_1_i/processing_system7_0/inst/FCLK_CLK_unbuffered[0]
    BUFGCTRL_X0Y16       BUFG (Prop_bufg_I_O)         0.101     1.294 r  design_1_i/processing_system7_0/inst/buffer_fclk_clk_0.FCLK_CLK_0_BUFG/O
                         net (fo=805, routed)         1.652     2.946    design_1_i/axi_gpio_0/U0/gpio_core_1/s_axi_aclk
    SLICE_X45Y97         FDRE                                         r  design_1_i/axi_gpio_0/U0/gpio_core_1/Dual.gpio_Data_Out_reg[2]_lopt_replica/C
  -------------------------------------------------------------------    -------------------
    SLICE_X45Y97         FDRE (Prop_fdre_C_Q)         0.419     3.365 r  design_1_i/axi_gpio_0/U0/gpio_core_1/Dual.gpio_Data_Out_reg[2]_lopt_replica/Q
                         net (fo=1, routed)           3.244     6.609    lopt_1
    P14                  OBUF (Prop_obuf_I_O)         3.729    10.338 r  LED_OBUF[1]_inst/O
                         net (fo=0)                   0.000    10.338    LED[1]
    P14                                                               r  LED[1]
  -------------------------------------------------------------------    -------------------





Min Delay Paths
--------------------------------------------------------------------------------------
Slack:                    inf
  Source:                 design_1_i/axi_gpio_0/U0/gpio_core_1/Dual.gpio_Data_Out_reg[2]_lopt_replica/C
                            (rising edge-triggered cell FDRE clocked by clk_fpga_0  {rise@0.000ns fall@10.000ns period=20.000ns})
  Destination:            LED[1]
                            (output port)
  Path Group:             (none)
  Path Type:              Min at Fast Process Corner
  Data Path Delay:        2.462ns  (logic 1.439ns (58.456%)  route 1.023ns (41.544%))
  Logic Levels:           1  (OBUF=1)
  Clock Uncertainty:      0.301ns  ((TSJ^2 + TIJ^2)^1/2 + DJ) / 2 + PE
    Total System Jitter     (TSJ):    0.050ns
    Total Input Jitter      (TIJ):    0.600ns
    Discrete Jitter          (DJ):    0.000ns
    Phase Error              (PE):    0.000ns

    Location             Delay type                Incr(ns)  Path(ns)    Netlist Resource(s)
  -------------------------------------------------------------------    -------------------
                         (clock clk_fpga_0 rise edge)
                                                      0.000     0.000 r  <hidden>
    PS7_X0Y0             PS7                          0.000     0.000 r  design_1_i/processing_system7_0/inst/PS7_i/FCLKCLK[0]
                         net (fo=1, routed)           0.310     0.310    design_1_i/processing_system7_0/inst/FCLK_CLK_unbuffered[0]
    BUFGCTRL_X0Y16       BUFG (Prop_bufg_I_O)         0.026     0.336 r  design_1_i/processing_system7_0/inst/buffer_fclk_clk_0.FCLK_CLK_0_BUFG/O
                         net (fo=805, routed)         0.557     0.893    design_1_i/axi_gpio_0/U0/gpio_core_1/s_axi_aclk
    SLICE_X45Y97         FDRE                                         r  design_1_i/axi_gpio_0/U0/gpio_core_1/Dual.gpio_Data_Out_reg[2]_lopt_replica/C
  -------------------------------------------------------------------    -------------------
    SLICE_X45Y97         FDRE (Prop_fdre_C_Q)         0.128     1.021 r  design_1_i/axi_gpio_0/U0/gpio_core_1/Dual.gpio_Data_Out_reg[2]_lopt_replica/Q
                         net (fo=1, routed)           1.023     2.043    lopt_1
    P14                  OBUF (Prop_obuf_I_O)         1.311     3.354 r  LED_OBUF[1]_inst/O
                         net (fo=0)                   0.000     3.354    LED[1]
    P14                                                               r  LED[1]
  -------------------------------------------------------------------    -------------------

Slack:                    inf
  Source:                 design_1_i/axi_gpio_0/U0/gpio_core_1/Dual.gpio_Data_Out_reg[1]_lopt_replica/C
                            (rising edge-triggered cell FDRE clocked by clk_fpga_0  {rise@0.000ns fall@10.000ns period=20.000ns})
  Destination:            LED[2]
                            (output port)
  Path Group:             (none)
  Path Type:              Min at Fast Process Corner
  Data Path Delay:        2.581ns  (logic 1.414ns (54.780%)  route 1.167ns (45.220%))
  Logic Levels:           1  (OBUF=1)
  Clock Uncertainty:      0.301ns  ((TSJ^2 + TIJ^2)^1/2 + DJ) / 2 + PE
    Total System Jitter     (TSJ):    0.050ns
    Total Input Jitter      (TIJ):    0.600ns
    Discrete Jitter          (DJ):    0.000ns
    Phase Error              (PE):    0.000ns

    Location             Delay type                Incr(ns)  Path(ns)    Netlist Resource(s)
  -------------------------------------------------------------------    -------------------
                         (clock clk_fpga_0 rise edge)
                                                      0.000     0.000 r  <hidden>
    PS7_X0Y0             PS7                          0.000     0.000 r  design_1_i/processing_system7_0/inst/PS7_i/FCLKCLK[0]
                         net (fo=1, routed)           0.310     0.310    design_1_i/processing_system7_0/inst/FCLK_CLK_unbuffered[0]
    BUFGCTRL_X0Y16       BUFG (Prop_bufg_I_O)         0.026     0.336 r  design_1_i/processing_system7_0/inst/buffer_fclk_clk_0.FCLK_CLK_0_BUFG/O
                         net (fo=805, routed)         0.557     0.893    design_1_i/axi_gpio_0/U0/gpio_core_1/s_axi_aclk
    SLICE_X45Y97         FDRE                                         r  design_1_i/axi_gpio_0/U0/gpio_core_1/Dual.gpio_Data_Out_reg[1]_lopt_replica/C
  -------------------------------------------------------------------    -------------------
    SLICE_X45Y97         FDRE (Prop_fdre_C_Q)         0.141     1.034 r  design_1_i/axi_gpio_0/U0/gpio_core_1/Dual.gpio_Data_Out_reg[1]_lopt_replica/Q
                         net (fo=1, routed)           1.167     2.201    lopt_2
    N16                  OBUF (Prop_obuf_I_O)         1.273     3.474 r  LED_OBUF[2]_inst/O
                         net (fo=0)                   0.000     3.474    LED[2]
    N16                                                               r  LED[2]
  -------------------------------------------------------------------    -------------------

Slack:                    inf
  Source:                 design_1_i/axi_gpio_0/U0/gpio_core_1/Dual.gpio_Data_Out_reg[0]_lopt_replica/C
                            (rising edge-triggered cell FDRE clocked by clk_fpga_0  {rise@0.000ns fall@10.000ns period=20.000ns})
  Destination:            LED[3]
                            (output port)
  Path Group:             (none)
  Path Type:              Min at Fast Process Corner
  Data Path Delay:        2.761ns  (logic 1.422ns (51.525%)  route 1.338ns (48.475%))
  Logic Levels:           1  (OBUF=1)
  Clock Uncertainty:      0.301ns  ((TSJ^2 + TIJ^2)^1/2 + DJ) / 2 + PE
    Total System Jitter     (TSJ):    0.050ns
    Total Input Jitter      (TIJ):    0.600ns
    Discrete Jitter          (DJ):    0.000ns
    Phase Error              (PE):    0.000ns

    Location             Delay type                Incr(ns)  Path(ns)    Netlist Resource(s)
  -------------------------------------------------------------------    -------------------
                         (clock clk_fpga_0 rise edge)
                                                      0.000     0.000 r  <hidden>
    PS7_X0Y0             PS7                          0.000     0.000 r  design_1_i/processing_system7_0/inst/PS7_i/FCLKCLK[0]
                         net (fo=1, routed)           0.310     0.310    design_1_i/processing_system7_0/inst/FCLK_CLK_unbuffered[0]
    BUFGCTRL_X0Y16       BUFG (Prop_bufg_I_O)         0.026     0.336 r  design_1_i/processing_system7_0/inst/buffer_fclk_clk_0.FCLK_CLK_0_BUFG/O
                         net (fo=805, routed)         0.557     0.893    design_1_i/axi_gpio_0/U0/gpio_core_1/s_axi_aclk
    SLICE_X45Y97         FDRE                                         r  design_1_i/axi_gpio_0/U0/gpio_core_1/Dual.gpio_Data_Out_reg[0]_lopt_replica/C
  -------------------------------------------------------------------    -------------------
    SLICE_X45Y97         FDRE (Prop_fdre_C_Q)         0.141     1.034 r  design_1_i/axi_gpio_0/U0/gpio_core_1/Dual.gpio_Data_Out_reg[0]_lopt_replica/Q
                         net (fo=1, routed)           1.338     2.372    lopt_3
    M14                  OBUF (Prop_obuf_I_O)         1.281     3.653 r  LED_OBUF[3]_inst/O
                         net (fo=0)                   0.000     3.653    LED[3]
    M14                                                               r  LED[3]
  -------------------------------------------------------------------    -------------------

Slack:                    inf
  Source:                 design_1_i/axi_gpio_0/U0/gpio_core_1/Dual.gpio_Data_Out_reg[3]_lopt_replica/C
                            (rising edge-triggered cell FDRE clocked by clk_fpga_0  {rise@0.000ns fall@10.000ns period=20.000ns})
  Destination:            LED[0]
                            (output port)
  Path Group:             (none)
  Path Type:              Min at Fast Process Corner
  Data Path Delay:        2.843ns  (logic 1.412ns (49.651%)  route 1.432ns (50.349%))
  Logic Levels:           1  (OBUF=1)
  Clock Uncertainty:      0.301ns  ((TSJ^2 + TIJ^2)^1/2 + DJ) / 2 + PE
    Total System Jitter     (TSJ):    0.050ns
    Total Input Jitter      (TIJ):    0.600ns
    Discrete Jitter          (DJ):    0.000ns
    Phase Error              (PE):    0.000ns

    Location             Delay type                Incr(ns)  Path(ns)    Netlist Resource(s)
  -------------------------------------------------------------------    -------------------
                         (clock clk_fpga_0 rise edge)
                                                      0.000     0.000 r  <hidden>
    PS7_X0Y0             PS7                          0.000     0.000 r  design_1_i/processing_system7_0/inst/PS7_i/FCLKCLK[0]
                         net (fo=1, routed)           0.310     0.310    design_1_i/processing_system7_0/inst/FCLK_CLK_unbuffered[0]
    BUFGCTRL_X0Y16       BUFG (Prop_bufg_I_O)         0.026     0.336 r  design_1_i/processing_system7_0/inst/buffer_fclk_clk_0.FCLK_CLK_0_BUFG/O
                         net (fo=805, routed)         0.557     0.893    design_1_i/axi_gpio_0/U0/gpio_core_1/s_axi_aclk
    SLICE_X45Y97         FDRE                                         r  design_1_i/axi_gpio_0/U0/gpio_core_1/Dual.gpio_Data_Out_reg[3]_lopt_replica/C
  -------------------------------------------------------------------    -------------------
    SLICE_X45Y97         FDRE (Prop_fdre_C_Q)         0.128     1.021 r  design_1_i/axi_gpio_0/U0/gpio_core_1/Dual.gpio_Data_Out_reg[3]_lopt_replica/Q
                         net (fo=1, routed)           1.432     2.452    lopt
    R14                  OBUF (Prop_obuf_I_O)         1.284     3.736 r  LED_OBUF[0]_inst/O
                         net (fo=0)                   0.000     3.736    LED[0]
    R14                                                               r  LED[0]
  -------------------------------------------------------------------    -------------------





